Lineage	Layer	Cell_type	Condition	Specimens	Valid_fraction_specimens	Nonzero_specimens	Median_fraction	Q25	Q75	Cells
B_Plasma	layer1	B cells	AD	5	5	0	0.0	0.0	0.0	0
B_Plasma	layer1	B cells	AIH	1	1	0	0.0	0.0	0.0	0
B_Plasma	layer1	B cells	AP	1	1	0	0.0	0.0	0.0	0
B_Plasma	layer1	B cells	AS	7	7	7	0.036186199153640214	0.02613207099843525	0.05381145641171184	2887
B_Plasma	layer1	B cells	BD	4	4	4	0.09944767692205059	0.0830688752276867	0.1333842176814575	2185
B_Plasma	layer1	B cells	BD(Uveitis)	3	3	1	0.0	0.0	0.008182668329177058	105
B_Plasma	layer1	B cells	BP	17	17	6	0.0	0.0	0.06568728361560774	2693
B_Plasma	layer1	B cells	CD	33	33	30	0.14606525911708254	0.045327931121802986	0.23172804532577904	16905
B_Plasma	layer1	B cells	CI	19	19	19	0.3639991598403697	0.3252571847400243	0.568938531172434	27777
B_Plasma	layer1	B cells	DLE	10	10	7	0.10126598481601308	0.003586882259166477	0.17674275557582292	6776
B_Plasma	layer1	B cells	Gout	22	22	19	0.055204980291565606	0.037352710839815194	0.06661606007020934	10154
B_Plasma	layer1	B cells	JIA	12	12	12	0.14571785183676855	0.10882159499587188	0.15243584696212273	5225
B_Plasma	layer1	B cells	LS	6	6	0	0.0	0.0	0.0	0
B_Plasma	layer1	B cells	Lyme	6	6	4	0.014500421520706932	0.0034532483302975106	0.022140777943682792	720
B_Plasma	layer1	B cells	PN	13	13	0	0.0	0.0	0.0	0
B_Plasma	layer1	B cells	PSO	37	37	0	0.0	0.0	0.0	0
B_Plasma	layer1	B cells	PsA	4	4	3	0.06005265522458194	0.03446389496717724	0.07417796212119268	1046
B_Plasma	layer1	B cells	RA	85	85	51	0.050946142649199416	0.0	0.11091279959204488	20018
B_Plasma	layer1	B cells	SLE	214	214	189	0.0780329751806844	0.03291304433454645	0.12330173896028075	86149
B_Plasma	layer1	B cells	SSc	25	25	0	0.0	0.0	0.0	0
B_Plasma	layer1	B cells	T1D	55	55	54	0.113125	0.08089863863448113	0.15756206644760862	19970
B_Plasma	layer1	B cells	UC	38	37	30	0.07840316489839957	0.007285974499089253	0.18022328548644337	19131
B_Plasma	layer1	B cells	VKHD(Uveitis)	3	3	3	0.05291423155899542	0.03144201003931644	0.0665025433915854	1278
B_Plasma	layer1	B cells	pSS	5	5	5	0.054964940058810224	0.025244861360187613	0.07754164273406089	1919
B_Plasma	layer1	Germinal center B cells	AD	5	5	0	0.0	0.0	0.0	0
B_Plasma	layer1	Germinal center B cells	AIH	1	1	0	0.0	0.0	0.0	0
B_Plasma	layer1	Germinal center B cells	AP	1	1	0	0.0	0.0	0.0	0
B_Plasma	layer1	Germinal center B cells	AS	7	7	6	0.00013199577613516366	0.00010000626106525994	0.00025043732145329156	12
B_Plasma	layer1	Germinal center B cells	BD	4	4	0	0.0	0.0	0.0	0
B_Plasma	layer1	Germinal center B cells	BD(Uveitis)	3	3	1	0.0	0.0	7.793017456359102e-05	1
B_Plasma	layer1	Germinal center B cells	BP	17	17	0	0.0	0.0	0.0	0
B_Plasma	layer1	Germinal center B cells	CD	33	33	24	0.003428851334802841	0.0	0.011204481792717087	524
B_Plasma	layer1	Germinal center B cells	CI	19	19	17	0.02911862419386359	0.00815761990799472	0.07142992382390032	4744
B_Plasma	layer1	Germinal center B cells	DLE	10	10	5	0.00046430644225188626	0.0	0.0014652960857930999	70
B_Plasma	layer1	Germinal center B cells	Gout	22	22	10	0.0	0.0	0.00024087734028096353	24
B_Plasma	layer1	Germinal center B cells	JIA	12	12	8	0.0004538214328949573	0.0	0.0014001380771071006	36
B_Plasma	layer1	Germinal center B cells	LS	6	6	0	0.0	0.0	0.0	0
B_Plasma	layer1	Germinal center B cells	Lyme	6	6	4	0.0006513914551418974	7.589556769884639e-05	0.001298018189222207	28
B_Plasma	layer1	Germinal center B cells	PN	13	13	0	0.0	0.0	0.0	0
B_Plasma	layer1	Germinal center B cells	PSO	37	37	0	0.0	0.0	0.0	0
B_Plasma	layer1	Germinal center B cells	PsA	4	4	0	0.0	0.0	0.0	0
B_Plasma	layer1	Germinal center B cells	RA	85	85	25	0.0	0.0	0.00019712201852946975	208
B_Plasma	layer1	Germinal center B cells	SLE	214	214	78	0.0	0.0	0.00027492606154449757	215
B_Plasma	layer1	Germinal center B cells	SSc	25	25	0	0.0	0.0	0.0	0
B_Plasma	layer1	Germinal center B cells	T1D	55	55	16	0.0	0.0	0.0005229198510706772	72
B_Plasma	layer1	Germinal center B cells	UC	38	37	25	0.003424657534246575	0.0	0.007285974499089253	615
B_Plasma	layer1	Germinal center B cells	VKHD(Uveitis)	3	3	3	0.001105670510187964	0.0006661283064534986	0.0011947471650288032	23
B_Plasma	layer1	Germinal center B cells	pSS	5	5	0	0.0	0.0	0.0	0
B_Plasma	layer1	Plasma cells	AD	5	5	0	0.0	0.0	0.0	0
B_Plasma	layer1	Plasma cells	AIH	1	1	0	0.0	0.0	0.0	0
B_Plasma	layer1	Plasma cells	AP	1	1	0	0.0	0.0	0.0	0
B_Plasma	layer1	Plasma cells	AS	7	7	0	0.0	0.0	0.0	0
B_Plasma	layer1	Plasma cells	BD	4	4	0	0.0	0.0	0.0	0
B_Plasma	layer1	Plasma cells	BD(Uveitis)	3	3	0	0.0	0.0	0.0	0
B_Plasma	layer1	Plasma cells	BP	17	17	0	0.0	0.0	0.0	0
B_Plasma	layer1	Plasma cells	CD	33	33	27	0.056365403304178816	0.0014695077149155032	0.16586248492159228	4615
B_Plasma	layer1	Plasma cells	CI	19	19	17	0.015482919636274269	0.0041384682798578315	0.04149692364566762	2669
B_Plasma	layer1	Plasma cells	DLE	10	10	7	0.0023565573770491805	0.00017080391710316557	0.0037805687321602463	191
B_Plasma	layer1	Plasma cells	Gout	22	22	0	0.0	0.0	0.0	0
B_Plasma	layer1	Plasma cells	JIA	12	12	11	0.0037010822288619577	0.0008803578710780026	0.006478748888836736	177
B_Plasma	layer1	Plasma cells	LS	6	6	0	0.0	0.0	0.0	0
B_Plasma	layer1	Plasma cells	Lyme	6	6	4	0.0012825804929826631	0.00029976019184652276	0.003660887147586807	209
B_Plasma	layer1	Plasma cells	PN	13	13	0	0.0	0.0	0.0	0
B_Plasma	layer1	Plasma cells	PSO	37	37	0	0.0	0.0	0.0	0
B_Plasma	layer1	Plasma cells	PsA	4	4	0	0.0	0.0	0.0	0
B_Plasma	layer1	Plasma cells	RA	85	85	49	0.0023328149300155523	0.0	0.011834319526627219	2494
B_Plasma	layer1	Plasma cells	SLE	214	214	34	0.0	0.0	0.0	693
B_Plasma	layer1	Plasma cells	SSc	25	25	0	0.0	0.0	0.0	0
B_Plasma	layer1	Plasma cells	T1D	55	55	36	0.000550357732526142	0.0	0.000881270240674728	106
B_Plasma	layer1	Plasma cells	UC	38	37	29	0.05441256090958311	0.0004636068613815484	0.19727891156462585	10971
B_Plasma	layer1	Plasma cells	VKHD(Uveitis)	3	3	0	0.0	0.0	0.0	0
B_Plasma	layer1	Plasma cells	pSS	5	5	0	0.0	0.0	0.0	0
B_Plasma	layer2	Bgc	AD	5	5	0	0.0	0.0	0.0	0
B_Plasma	layer2	Bgc	AIH	1	1	0	0.0	0.0	0.0	0
B_Plasma	layer2	Bgc	AP	1	1	0	0.0	0.0	0.0	0
B_Plasma	layer2	Bgc	AS	7	7	3	0.0	0.0	0.00015644473210672485	7
B_Plasma	layer2	Bgc	BD	4	4	0	0.0	0.0	0.0	0
B_Plasma	layer2	Bgc	BD(Uveitis)	3	3	1	0.0	0.0	7.793017456359102e-05	1
B_Plasma	layer2	Bgc	BP	17	17	0	0.0	0.0	0.0	0
B_Plasma	layer2	Bgc	CD	33	33	14	0.0	0.0	0.005409060175794456	357
B_Plasma	layer2	Bgc	CI	19	19	17	0.027359781121751026	0.007500576634759544	0.07116432802375897	4696
B_Plasma	layer2	Bgc	DLE	10	10	5	0.0003482298316889147	0.0	0.00117223686863448	59
B_Plasma	layer2	Bgc	Gout	22	22	8	0.0	0.0	9.514751892645262e-05	12
B_Plasma	layer2	Bgc	JIA	12	12	4	0.0	0.0	0.000334220459876874	6
B_Plasma	layer2	Bgc	LS	6	6	0	0.0	0.0	0.0	0
B_Plasma	layer2	Bgc	Lyme	6	6	2	0.0	0.0	0.00017470300489168413	3
B_Plasma	layer2	Bgc	PN	13	13	0	0.0	0.0	0.0	0
B_Plasma	layer2	Bgc	PSO	37	37	0	0.0	0.0	0.0	0
B_Plasma	layer2	Bgc	PsA	4	4	0	0.0	0.0	0.0	0
B_Plasma	layer2	Bgc	RA	85	85	16	0.0	0.0	0.0	174
B_Plasma	layer2	Bgc	SLE	214	214	30	0.0	0.0	0.0	44
B_Plasma	layer2	Bgc	SSc	25	25	0	0.0	0.0	0.0	0
B_Plasma	layer2	Bgc	T1D	55	55	10	0.0	0.0	0.0	35
B_Plasma	layer2	Bgc	UC	38	37	16	0.0	0.0	0.0036068530207394047	410
B_Plasma	layer2	Bgc	VKHD(Uveitis)	3	3	3	0.0004937783922575548	0.00032241789703512183	0.0007207479862093335	13
B_Plasma	layer2	Bgc	pSS	5	5	0	0.0	0.0	0.0	0
B_Plasma	layer2	Bm	AD	5	5	0	0.0	0.0	0.0	0
B_Plasma	layer2	Bm	AIH	1	1	0	0.0	0.0	0.0	0
B_Plasma	layer2	Bm	AP	1	1	0	0.0	0.0	0.0	0
B_Plasma	layer2	Bm	AS	7	7	7	0.014900662251655629	0.013408238407862054	0.021284896646327045	1196
B_Plasma	layer2	Bm	BD	4	4	4	0.029214223139006765	0.022294792254183116	0.03498901209609995	573
B_Plasma	layer2	Bm	BD(Uveitis)	3	3	1	0.0	0.0	0.007948877805486284	102
B_Plasma	layer2	Bm	BP	17	17	6	0.0	0.0	0.019655500369861568	1154
B_Plasma	layer2	Bm	CD	33	33	30	0.07453416149068323	0.01680672268907563	0.09905020352781546	5347
B_Plasma	layer2	Bm	CI	19	19	19	0.1301487414187643	0.0978916014519278	0.1571868267159126	8975
B_Plasma	layer2	Bm	DLE	10	10	7	0.05531476249395978	0.0026759280346162605	0.1219221595005031	4276
B_Plasma	layer2	Bm	Gout	22	22	19	0.026937988339748455	0.02052420171903896	0.031889267738213094	4978
B_Plasma	layer2	Bm	JIA	12	12	12	0.037639802927320457	0.021205120547038252	0.05282490574406742	1632
B_Plasma	layer2	Bm	LS	6	6	0	0.0	0.0	0.0	0
B_Plasma	layer2	Bm	Lyme	6	6	4	0.004099452678294523	0.0009492406075139888	0.007564496912625586	364
B_Plasma	layer2	Bm	PN	13	13	0	0.0	0.0	0.0	0
B_Plasma	layer2	Bm	PSO	37	37	0	0.0	0.0	0.0	0
B_Plasma	layer2	Bm	PsA	4	4	3	0.026425273945043102	0.016411378555798686	0.034803378669151196	485
B_Plasma	layer2	Bm	RA	85	85	51	0.026345716451857466	0.0	0.06858481097356976	11495
B_Plasma	layer2	Bm	SLE	214	214	189	0.021861030424355547	0.012011594639361542	0.03471012223049554	24402
B_Plasma	layer2	Bm	SSc	25	25	0	0.0	0.0	0.0	0
B_Plasma	layer2	Bm	T1D	55	55	54	0.032362459546925564	0.022807512383048983	0.045827123695976156	6144
B_Plasma	layer2	Bm	UC	38	37	29	0.030458006591658142	0.0036429872495446266	0.07966353290450272	8678
B_Plasma	layer2	Bm	VKHD(Uveitis)	3	3	3	0.026536092244511134	0.017308831620744994	0.038351988448939354	783
B_Plasma	layer2	Bm	pSS	5	5	5	0.012666817462112644	0.009988901220865706	0.019675925925925927	423
B_Plasma	layer2	Bn	AD	5	5	0	0.0	0.0	0.0	0
B_Plasma	layer2	Bn	AIH	1	1	0	0.0	0.0	0.0	0
B_Plasma	layer2	Bn	AP	1	1	0	0.0	0.0	0.0	0
B_Plasma	layer2	Bn	AS	7	7	7	0.022281716901286813	0.012946749694357586	0.032526559765384794	1691
B_Plasma	layer2	Bn	BD	4	4	4	0.08023880307358283	0.06308788706739527	0.10608675078200487	1612
B_Plasma	layer2	Bn	BD(Uveitis)	3	3	1	0.0	0.0	0.00023379052369077306	3
B_Plasma	layer2	Bn	BP	17	17	6	0.0	0.0	0.016696607841065202	1539
B_Plasma	layer2	Bn	CD	33	33	29	0.06679462571976967	0.024423337856173677	0.162947937795808	11558
B_Plasma	layer2	Bn	CI	19	19	19	0.22808764940239043	0.17880265594710432	0.36442528735632185	18802
B_Plasma	layer2	Bn	DLE	10	10	7	0.02813817330210773	0.0009109542245502164	0.06706179225141741	2500
B_Plasma	layer2	Bn	Gout	22	22	19	0.02173521746445744	0.012810529053882316	0.034113655625250365	5176
B_Plasma	layer2	Bn	JIA	12	12	12	0.07467377910591902	0.06752368234304845	0.12842587767297237	3593
B_Plasma	layer2	Bn	LS	6	6	0	0.0	0.0	0.0	0
B_Plasma	layer2	Bn	Lyme	6	6	4	0.010400968842412409	0.002352762598664238	0.014727526155176487	356
B_Plasma	layer2	Bn	PN	13	13	0	0.0	0.0	0.0	0
B_Plasma	layer2	Bn	PSO	37	37	0	0.0	0.0	0.0	0
B_Plasma	layer2	Bn	PsA	4	4	3	0.02600706682914259	0.018052516411378557	0.03175426900164523	561
B_Plasma	layer2	Bn	RA	85	85	51	0.015491235222176927	0.0	0.043272267845862286	8523
B_Plasma	layer2	Bn	SLE	214	214	189	0.053863087862506064	0.01827934169727153	0.09059737608470639	61747
B_Plasma	layer2	Bn	SSc	25	25	0	0.0	0.0	0.0	0
B_Plasma	layer2	Bn	T1D	55	55	54	0.0783630822812364	0.05441711748147021	0.11188760855722202	13826
B_Plasma	layer2	Bn	UC	38	37	30	0.037731560404591434	0.003289473684210526	0.11394101876675604	10453
B_Plasma	layer2	Bn	VKHD(Uveitis)	3	3	3	0.026378139314484284	0.014133178418571448	0.028150554942646053	495
B_Plasma	layer2	Bn	pSS	5	5	5	0.04229812259669758	0.01945095875293144	0.05514072372199885	1496
B_Plasma	layer2	Plasmablast	AD	5	5	0	0.0	0.0	0.0	0
B_Plasma	layer2	Plasmablast	AIH	1	1	0	0.0	0.0	0.0	0
B_Plasma	layer2	Plasmablast	AP	1	1	0	0.0	0.0	0.0	0
B_Plasma	layer2	Plasmablast	AS	7	7	4	0.00011364927832708262	0.0	0.0001579519110560876	5
B_Plasma	layer2	Plasmablast	BD	4	4	0	0.0	0.0	0.0	0
B_Plasma	layer2	Plasmablast	BD(Uveitis)	3	3	0	0.0	0.0	0.0	0
B_Plasma	layer2	Plasmablast	BP	17	17	0	0.0	0.0	0.0	0
B_Plasma	layer2	Plasmablast	CD	33	33	18	0.00019912385503783353	0.0	0.004	167
B_Plasma	layer2	Plasmablast	CI	19	19	11	0.0005894488653109342	0.0	0.0007779497964865744	48
B_Plasma	layer2	Plasmablast	DLE	10	10	5	5.904581955597544e-05	0.0	0.00023889193441097698	11
B_Plasma	layer2	Plasmablast	Gout	22	22	5	0.0	0.0	0.0	12
B_Plasma	layer2	Plasmablast	JIA	12	12	6	0.00010181225819588678	0.0	0.0013161254360412847	30
B_Plasma	layer2	Plasmablast	LS	6	6	0	0.0	0.0	0.0	0
B_Plasma	layer2	Plasmablast	Lyme	6	6	4	0.0006513914551418974	7.589556769884639e-05	0.001123315184330523	25
B_Plasma	layer2	Plasmablast	PN	13	13	0	0.0	0.0	0.0	0
B_Plasma	layer2	Plasmablast	PSO	37	37	0	0.0	0.0	0.0	0
B_Plasma	layer2	Plasmablast	PsA	4	4	0	0.0	0.0	0.0	0
B_Plasma	layer2	Plasmablast	RA	85	85	18	0.0	0.0	0.0	34
B_Plasma	layer2	Plasmablast	SLE	214	214	66	0.0	0.0	0.00019969529293558356	171
B_Plasma	layer2	Plasmablast	SSc	25	25	0	0.0	0.0	0.0	0
B_Plasma	layer2	Plasmablast	T1D	55	55	13	0.0	0.0	0.0	37
B_Plasma	layer2	Plasmablast	UC	38	37	22	0.0004545971133083305	0.0	0.0029856316476954657	205
B_Plasma	layer2	Plasmablast	VKHD(Uveitis)	3	3	3	0.000157952930026852	0.0001167408154665982	0.0004739991788194699	10
B_Plasma	layer2	Plasmablast	pSS	5	5	0	0.0	0.0	0.0	0
B_Plasma	layer2	PlgA	AD	5	5	0	0.0	0.0	0.0	0
B_Plasma	layer2	PlgA	AIH	1	1	0	0.0	0.0	0.0	0
B_Plasma	layer2	PlgA	AP	1	1	0	0.0	0.0	0.0	0
B_Plasma	layer2	PlgA	AS	7	7	0	0.0	0.0	0.0	0
B_Plasma	layer2	PlgA	BD	4	4	0	0.0	0.0	0.0	0
B_Plasma	layer2	PlgA	BD(Uveitis)	3	3	0	0.0	0.0	0.0	0
B_Plasma	layer2	PlgA	BP	17	17	0	0.0	0.0	0.0	0
B_Plasma	layer2	PlgA	CD	33	33	26	0.02883762200532387	0.0008745505781751045	0.07539203860072376	3218
B_Plasma	layer2	PlgA	CI	19	19	17	0.00970754485131482	0.0017201925353112915	0.0278972995473183	2042
B_Plasma	layer2	PlgA	DLE	10	10	5	0.0009866511897852583	0.0	0.0028550785946151822	135
B_Plasma	layer2	PlgA	Gout	22	22	0	0.0	0.0	0.0	0
B_Plasma	layer2	PlgA	JIA	12	12	11	0.003148396287751489	0.0008537948027390196	0.004451556070051481	134
B_Plasma	layer2	PlgA	LS	6	6	0	0.0	0.0	0.0	0
B_Plasma	layer2	PlgA	Lyme	6	6	4	0.0012825804929826631	0.00029976019184652276	0.0033114811378034386	126
B_Plasma	layer2	PlgA	PN	13	13	0	0.0	0.0	0.0	0
B_Plasma	layer2	PlgA	PSO	37	37	0	0.0	0.0	0.0	0
B_Plasma	layer2	PlgA	PsA	4	4	0	0.0	0.0	0.0	0
B_Plasma	layer2	PlgA	RA	85	85	49	0.0008481764206955047	0.0	0.008570315543435918	1540
B_Plasma	layer2	PlgA	SLE	214	214	33	0.0	0.0	0.0	552
B_Plasma	layer2	PlgA	SSc	25	25	0	0.0	0.0	0.0	0
B_Plasma	layer2	PlgA	T1D	55	55	33	0.00043535045711797995	0.0	0.0006687181174333382	83
B_Plasma	layer2	PlgA	UC	38	37	29	0.0192203573362209	0.0004636068613815484	0.08560118753092529	6920
B_Plasma	layer2	PlgA	VKHD(Uveitis)	3	3	0	0.0	0.0	0.0	0
B_Plasma	layer2	PlgA	pSS	5	5	0	0.0	0.0	0.0	0
B_Plasma	layer2	PlgG	AD	5	5	0	0.0	0.0	0.0	0
B_Plasma	layer2	PlgG	AIH	1	1	0	0.0	0.0	0.0	0
B_Plasma	layer2	PlgG	AP	1	1	0	0.0	0.0	0.0	0
B_Plasma	layer2	PlgG	AS	7	7	0	0.0	0.0	0.0	0
B_Plasma	layer2	PlgG	BD	4	4	0	0.0	0.0	0.0	0
B_Plasma	layer2	PlgG	BD(Uveitis)	3	3	0	0.0	0.0	0.0	0
B_Plasma	layer2	PlgG	BP	17	17	0	0.0	0.0	0.0	0
B_Plasma	layer2	PlgG	CD	33	33	22	0.004560656734569778	0.0	0.015237020316027089	1397
B_Plasma	layer2	PlgG	CI	19	19	17	0.00577537478495945	0.0018933834226708135	0.011976923624493449	627
B_Plasma	layer2	PlgG	DLE	10	10	6	0.0008639525817397031	0.0	0.0015891242218486685	56
B_Plasma	layer2	PlgG	Gout	22	22	0	0.0	0.0	0.0	0
B_Plasma	layer2	PlgG	JIA	12	12	9	0.0005317944258193309	0.00020193861066235866	0.0017893585697622148	43
B_Plasma	layer2	PlgG	LS	6	6	0	0.0	0.0	0.0	0
B_Plasma	layer2	PlgG	Lyme	6	6	2	0.0	0.0	0.00034940600978336826	83
B_Plasma	layer2	PlgG	PN	13	13	0	0.0	0.0	0.0	0
B_Plasma	layer2	PlgG	PSO	37	37	0	0.0	0.0	0.0	0
B_Plasma	layer2	PlgG	PsA	4	4	0	0.0	0.0	0.0	0
B_Plasma	layer2	PlgG	RA	85	85	41	0.0	0.0	0.003837719298245614	954
B_Plasma	layer2	PlgG	SLE	214	214	21	0.0	0.0	0.0	141
B_Plasma	layer2	PlgG	SSc	25	25	0	0.0	0.0	0.0	0
B_Plasma	layer2	PlgG	T1D	55	55	15	0.0	0.0	0.00015478561639044813	23
B_Plasma	layer2	PlgG	UC	38	37	26	0.013157894736842105	0.0	0.05754360726488042	4051
B_Plasma	layer2	PlgG	VKHD(Uveitis)	3	3	0	0.0	0.0	0.0	0
B_Plasma	layer2	PlgG	pSS	5	5	0	0.0	0.0	0.0	0
B_Plasma	layer3	Bgc_MKI67+	AD	5	5	0	0.0	0.0	0.0	0
B_Plasma	layer3	Bgc_MKI67+	AIH	1	1	0	0.0	0.0	0.0	0
B_Plasma	layer3	Bgc_MKI67+	AP	1	1	0	0.0	0.0	0.0	0
B_Plasma	layer3	Bgc_MKI67+	AS	7	7	1	0.0	0.0	0.0	1
B_Plasma	layer3	Bgc_MKI67+	BD	4	4	0	0.0	0.0	0.0	0
B_Plasma	layer3	Bgc_MKI67+	BD(Uveitis)	3	3	1	0.0	0.0	7.793017456359102e-05	1
B_Plasma	layer3	Bgc_MKI67+	BP	17	17	0	0.0	0.0	0.0	0
B_Plasma	layer3	Bgc_MKI67+	CD	33	33	12	0.0	0.0	0.000564334085778781	153
B_Plasma	layer3	Bgc_MKI67+	CI	19	19	16	0.012116474496775454	0.0022320570483988773	0.036876598623226314	2161
B_Plasma	layer3	Bgc_MKI67+	DLE	10	10	3	0.0	0.0	0.00011638733705772812	4
B_Plasma	layer3	Bgc_MKI67+	Gout	22	22	0	0.0	0.0	0.0	0
B_Plasma	layer3	Bgc_MKI67+	JIA	12	12	1	0.0	0.0	0.0	1
B_Plasma	layer3	Bgc_MKI67+	LS	6	6	0	0.0	0.0	0.0	0
B_Plasma	layer3	Bgc_MKI67+	Lyme	6	6	1	0.0	0.0	0.0	1
B_Plasma	layer3	Bgc_MKI67+	PN	13	13	0	0.0	0.0	0.0	0
B_Plasma	layer3	Bgc_MKI67+	PSO	37	37	0	0.0	0.0	0.0	0
B_Plasma	layer3	Bgc_MKI67+	PsA	4	4	0	0.0	0.0	0.0	0
B_Plasma	layer3	Bgc_MKI67+	RA	85	85	3	0.0	0.0	0.0	19
B_Plasma	layer3	Bgc_MKI67+	SLE	214	214	8	0.0	0.0	0.0	9
B_Plasma	layer3	Bgc_MKI67+	SSc	25	25	0	0.0	0.0	0.0	0
B_Plasma	layer3	Bgc_MKI67+	T1D	55	55	1	0.0	0.0	0.0	1
B_Plasma	layer3	Bgc_MKI67+	UC	38	37	11	0.0	0.0	0.0003732039559619332	85
B_Plasma	layer3	Bgc_MKI67+	VKHD(Uveitis)	3	3	1	0.0	0.0	0.0002468891961287774	5
B_Plasma	layer3	Bgc_MKI67+	pSS	5	5	0	0.0	0.0	0.0	0
B_Plasma	layer3	Bgc_MKI67-	AD	5	5	0	0.0	0.0	0.0	0
B_Plasma	layer3	Bgc_MKI67-	AIH	1	1	0	0.0	0.0	0.0	0
B_Plasma	layer3	Bgc_MKI67-	AP	1	1	0	0.0	0.0	0.0	0
B_Plasma	layer3	Bgc_MKI67-	AS	7	7	3	0.0	0.0	0.00015644473210672485	6
B_Plasma	layer3	Bgc_MKI67-	BD	4	4	0	0.0	0.0	0.0	0
B_Plasma	layer3	Bgc_MKI67-	BD(Uveitis)	3	3	0	0.0	0.0	0.0	0
B_Plasma	layer3	Bgc_MKI67-	BP	17	17	0	0.0	0.0	0.0	0
B_Plasma	layer3	Bgc_MKI67-	CD	33	33	13	0.0	0.0	0.0035714285714285713	204
B_Plasma	layer3	Bgc_MKI67-	CI	19	19	17	0.015243306624975571	0.004379332073093888	0.03942710059496171	2535
B_Plasma	layer3	Bgc_MKI67-	DLE	10	10	5	0.0003482298316889147	0.0	0.0010558495315767518	55
B_Plasma	layer3	Bgc_MKI67-	Gout	22	22	8	0.0	0.0	9.514751892645262e-05	12
B_Plasma	layer3	Bgc_MKI67-	JIA	12	12	3	0.0	0.0	8.064516129032258e-05	5
B_Plasma	layer3	Bgc_MKI67-	LS	6	6	0	0.0	0.0	0.0	0
B_Plasma	layer3	Bgc_MKI67-	Lyme	6	6	1	0.0	0.0	0.0	2
B_Plasma	layer3	Bgc_MKI67-	PN	13	13	0	0.0	0.0	0.0	0
B_Plasma	layer3	Bgc_MKI67-	PSO	37	37	0	0.0	0.0	0.0	0
B_Plasma	layer3	Bgc_MKI67-	PsA	4	4	0	0.0	0.0	0.0	0
B_Plasma	layer3	Bgc_MKI67-	RA	85	85	16	0.0	0.0	0.0	155
B_Plasma	layer3	Bgc_MKI67-	SLE	214	214	23	0.0	0.0	0.0	35
B_Plasma	layer3	Bgc_MKI67-	SSc	25	25	0	0.0	0.0	0.0	0
B_Plasma	layer3	Bgc_MKI67-	T1D	55	55	10	0.0	0.0	0.0	34
B_Plasma	layer3	Bgc_MKI67-	UC	38	37	15	0.0	0.0	0.0030658250676284943	325
B_Plasma	layer3	Bgc_MKI67-	VKHD(Uveitis)	3	3	2	0.00015105740181268882	7.552870090634441e-05	0.0005493874909869004	8
B_Plasma	layer3	Bgc_MKI67-	pSS	5	5	0	0.0	0.0	0.0	0
B_Plasma	layer3	Bm_CD83	AD	5	5	0	0.0	0.0	0.0	0
B_Plasma	layer3	Bm_CD83	AIH	1	1	0	0.0	0.0	0.0	0
B_Plasma	layer3	Bm_CD83	AP	1	1	0	0.0	0.0	0.0	0
B_Plasma	layer3	Bm_CD83	AS	7	7	7	0.0005682463916354131	0.0004564112778812768	0.0007426484615594255	35
B_Plasma	layer3	Bm_CD83	BD	4	4	4	0.00046004281668273806	0.00028831103741026377	0.0009952400380796953	14
B_Plasma	layer3	Bm_CD83	BD(Uveitis)	3	3	0	0.0	0.0	0.0	0
B_Plasma	layer3	Bm_CD83	BP	17	17	5	0.0	0.0	0.00031702419951389624	41
B_Plasma	layer3	Bm_CD83	CD	33	33	23	0.0020352781546811396	0.0	0.013315579227696404	495
B_Plasma	layer3	Bm_CD83	CI	19	19	19	0.014563106796116505	0.00977184989306238	0.022786106625943298	1118
B_Plasma	layer3	Bm_CD83	DLE	10	10	7	0.004282767355124619	0.00039854247324071966	0.024164321357123635	747
B_Plasma	layer3	Bm_CD83	Gout	22	22	19	0.0008668310831028144	0.0004551385698954375	0.0016973532304271604	201
B_Plasma	layer3	Bm_CD83	JIA	12	12	12	0.003887338132516213	0.0036665948430654313	0.004724154571732246	160
B_Plasma	layer3	Bm_CD83	LS	6	6	0	0.0	0.0	0.0	0
B_Plasma	layer3	Bm_CD83	Lyme	6	6	3	0.00022768670309653916	0.0	0.0004632493613316379	25
B_Plasma	layer3	Bm_CD83	PN	13	13	0	0.0	0.0	0.0	0
B_Plasma	layer3	Bm_CD83	PSO	37	37	0	0.0	0.0	0.0	0
B_Plasma	layer3	Bm_CD83	PsA	4	4	3	0.0007317589602515895	0.00048221174453493356	0.0009148278934472411	12
B_Plasma	layer3	Bm_CD83	RA	85	85	43	0.00028694404591104734	0.0	0.0022156573116691287	408
B_Plasma	layer3	Bm_CD83	SLE	214	214	139	0.0003038597108060675	0.0	0.0008189124308527293	643
B_Plasma	layer3	Bm_CD83	SSc	25	25	0	0.0	0.0	0.0	0
B_Plasma	layer3	Bm_CD83	T1D	55	55	48	0.0018342313424280637	0.0007206996781895567	0.0036401835035275547	403
B_Plasma	layer3	Bm_CD83	UC	38	37	24	0.0005863383172090296	0.0	0.0039584364176150424	440
B_Plasma	layer3	Bm_CD83	VKHD(Uveitis)	3	3	3	0.0008888011060635987	0.00048216490348497156	0.0009972358081257813	17
B_Plasma	layer3	Bm_CD83	pSS	5	5	4	0.0006785795068988917	0.00022197558268590456	0.0006892590465249856	21
B_Plasma	layer3	Bm_FCRL5	AD	5	5	0	0.0	0.0	0.0	0
B_Plasma	layer3	Bm_FCRL5	AIH	1	1	0	0.0	0.0	0.0	0
B_Plasma	layer3	Bm_FCRL5	AP	1	1	0	0.0	0.0	0.0	0
B_Plasma	layer3	Bm_FCRL5	AS	7	7	7	0.0032921810699588477	0.00272256249426299	0.0035695678930327207	205
B_Plasma	layer3	Bm_FCRL5	BD	4	4	4	0.002041079332082553	0.0005653136352333994	0.003723043371390734	46
B_Plasma	layer3	Bm_FCRL5	BD(Uveitis)	3	3	1	0.0	0.0	0.0015586034912718205	20
B_Plasma	layer3	Bm_FCRL5	BP	17	17	6	0.0	0.0	0.0016842893234771217	295
B_Plasma	layer3	Bm_FCRL5	CD	33	33	25	0.0035714285714285713	0.0004051863857374392	0.007191780821917808	412
B_Plasma	layer3	Bm_FCRL5	CI	19	19	18	0.011100832562442183	0.006697422094685525	0.01611804242823263	768
B_Plasma	layer3	Bm_FCRL5	DLE	10	10	7	0.004728966131207392	0.000195160031225605	0.009920002681221661	355
B_Plasma	layer3	Bm_FCRL5	Gout	22	22	19	0.002240054211891376	0.0011163678505799936	0.003342884287309951	540
B_Plasma	layer3	Bm_FCRL5	JIA	12	12	11	0.004062549388027464	0.0022084887142380253	0.005301982748224598	159
B_Plasma	layer3	Bm_FCRL5	LS	6	6	0	0.0	0.0	0.0	0
B_Plasma	layer3	Bm_FCRL5	Lyme	6	6	3	7.589556769884639e-05	0.0	0.00021265078874110733	69
B_Plasma	layer3	Bm_FCRL5	PN	13	13	0	0.0	0.0	0.0	0
B_Plasma	layer3	Bm_FCRL5	PSO	37	37	0	0.0	0.0	0.0	0
B_Plasma	layer3	Bm_FCRL5	PsA	4	4	3	0.0024631722943852874	0.0018462800875273524	0.0026468815476633533	40
B_Plasma	layer3	Bm_FCRL5	RA	85	85	51	0.0023595023595023596	0.0	0.008620689655172414	1377
B_Plasma	layer3	Bm_FCRL5	SLE	214	214	187	0.002897868140897179	0.0011524549982467544	0.006758744088453487	4953
B_Plasma	layer3	Bm_FCRL5	SSc	25	25	0	0.0	0.0	0.0	0
B_Plasma	layer3	Bm_FCRL5	T1D	55	55	49	0.0022530980097634247	0.0011512393961741084	0.004670033762816811	758
B_Plasma	layer3	Bm_FCRL5	UC	38	37	26	0.0036231884057971015	0.0	0.009401286491835725	879
B_Plasma	layer3	Bm_FCRL5	VKHD(Uveitis)	3	3	3	0.006002211341020376	0.004511679688637076	0.009272091252181135	205
B_Plasma	layer3	Bm_FCRL5	pSS	5	5	5	0.0015174506828528073	0.001388888888888889	0.002261931689662972	61
B_Plasma	layer3	Bm_S100A10	AD	5	5	0	0.0	0.0	0.0	0
B_Plasma	layer3	Bm_S100A10	AIH	1	1	0	0.0	0.0	0.0	0
B_Plasma	layer3	Bm_S100A10	AP	1	1	0	0.0	0.0	0.0	0
B_Plasma	layer3	Bm_S100A10	AS	7	7	7	0.004145435702564988	0.003743777092198422	0.006586897038224818	301
B_Plasma	layer3	Bm_S100A10	BD	4	4	4	0.0105419288297896	0.007889052635409276	0.012228030044612101	197
B_Plasma	layer3	Bm_S100A10	BD(Uveitis)	3	3	1	0.0	0.0	0.00459788029925187	59
B_Plasma	layer3	Bm_S100A10	BP	17	17	6	0.0	0.0	0.006974532389305717	278
B_Plasma	layer3	Bm_S100A10	CD	33	33	30	0.015418502202643172	0.0056433408577878106	0.02142857142857143	1155
B_Plasma	layer3	Bm_S100A10	CI	19	19	19	0.02018719031014865	0.012553669756977349	0.030194518125552607	1817
B_Plasma	layer3	Bm_S100A10	DLE	10	10	7	0.015380936390186322	0.0009678888635846048	0.026849193682115913	1052
B_Plasma	layer3	Bm_S100A10	Gout	22	22	19	0.008021220789026104	0.006043338962968642	0.009053547886223484	1489
B_Plasma	layer3	Bm_S100A10	JIA	12	12	12	0.009363829251627289	0.0034777586364558447	0.014322617391479667	402
B_Plasma	layer3	Bm_S100A10	LS	6	6	0	0.0	0.0	0.0	0
B_Plasma	layer3	Bm_S100A10	Lyme	6	6	4	0.0006552135340907602	9.992006394884092e-05	0.0021494197569050643	122
B_Plasma	layer3	Bm_S100A10	PN	13	13	0	0.0	0.0	0.0	0
B_Plasma	layer3	Bm_S100A10	PSO	37	37	0	0.0	0.0	0.0	0
B_Plasma	layer3	Bm_S100A10	PsA	4	4	3	0.007217524510378632	0.004718271334792122	0.011497236987662054	153
B_Plasma	layer3	Bm_S100A10	RA	85	85	50	0.004548900682335102	0.0	0.014415376401494928	2775
B_Plasma	layer3	Bm_S100A10	SLE	214	214	189	0.005355253052054726	0.00278655140563102	0.008649274021977392	6264
B_Plasma	layer3	Bm_S100A10	SSc	25	25	0	0.0	0.0	0.0	0
B_Plasma	layer3	Bm_S100A10	T1D	55	55	53	0.00684931506849315	0.004084823858358871	0.011461385764249928	1482
B_Plasma	layer3	Bm_S100A10	UC	38	37	28	0.008978292987839528	0.0017825311942959	0.013785394932935917	1876
B_Plasma	layer3	Bm_S100A10	VKHD(Uveitis)	3	3	3	0.009319222871584269	0.005868070650293645	0.01236255435500999	247
B_Plasma	layer3	Bm_S100A10	pSS	5	5	5	0.004297670210359647	0.003995560488346282	0.005787037037037037	129
B_Plasma	layer3	Bm_VPREB3	AD	5	5	0	0.0	0.0	0.0	0
B_Plasma	layer3	Bm_VPREB3	AIH	1	1	0	0.0	0.0	0.0	0
B_Plasma	layer3	Bm_VPREB3	AP	1	1	0	0.0	0.0	0.0	0
B_Plasma	layer3	Bm_VPREB3	AS	7	7	7	0.007133058984910837	0.006476849695352237	0.009432792024404068	655
B_Plasma	layer3	Bm_VPREB3	BD	4	4	4	0.01536587726947767	0.013446658054812632	0.017342860642360763	316
B_Plasma	layer3	Bm_VPREB3	BD(Uveitis)	3	3	1	0.0	0.0	0.0017923940149625936	23
B_Plasma	layer3	Bm_VPREB3	BP	17	17	6	0.0	0.0	0.009237187127532777	540
B_Plasma	layer3	Bm_VPREB3	CD	33	33	30	0.03149955634427684	0.008745505781751045	0.06890641069592046	3285
B_Plasma	layer3	Bm_VPREB3	CI	19	19	19	0.07758620689655173	0.05066549133295545	0.09815327793167128	5272
B_Plasma	layer3	Bm_VPREB3	DLE	10	10	7	0.02628820209374195	0.0005124117513094967	0.05782351173202885	2122
B_Plasma	layer3	Bm_VPREB3	Gout	22	22	19	0.01529199005696023	0.010529882800055072	0.016745452162785588	2748
B_Plasma	layer3	Bm_VPREB3	JIA	12	12	12	0.01831733016866257	0.011958050876935326	0.029843343615798705	911
B_Plasma	layer3	Bm_VPREB3	LS	6	6	0	0.0	0.0	0.0	0
B_Plasma	layer3	Bm_VPREB3	Lyme	6	6	4	0.0031406568734083772	0.0007210078931390407	0.004867489656073883	148
B_Plasma	layer3	Bm_VPREB3	PN	13	13	0	0.0	0.0	0.0	0
B_Plasma	layer3	Bm_VPREB3	PSO	37	37	0	0.0	0.0	0.0	0
B_Plasma	layer3	Bm_VPREB3	PsA	4	4	3	0.016012818180027595	0.009231400437636761	0.019877647191686068	280
B_Plasma	layer3	Bm_VPREB3	RA	85	85	51	0.014717906786590351	0.0	0.04100018385732671	6935
B_Plasma	layer3	Bm_VPREB3	SLE	214	214	189	0.011737177212116038	0.005189977622357233	0.018965733296207394	12542
B_Plasma	layer3	Bm_VPREB3	SSc	25	25	0	0.0	0.0	0.0	0
B_Plasma	layer3	Bm_VPREB3	T1D	55	55	54	0.018230563002680965	0.013642833269946641	0.027281728363282576	3501
B_Plasma	layer3	Bm_VPREB3	UC	38	37	29	0.014562211981566821	0.003401360544217687	0.046251993620414676	5483
B_Plasma	layer3	Bm_VPREB3	VKHD(Uveitis)	3	3	3	0.010108987521718528	0.006338481676267119	0.01572010703362245	314
B_Plasma	layer3	Bm_VPREB3	pSS	5	5	5	0.0054286360551911335	0.004661487236403996	0.009953703703703704	212
B_Plasma	layer3	Bn_ATP5E	AD	5	5	0	0.0	0.0	0.0	0
B_Plasma	layer3	Bn_ATP5E	AIH	1	1	0	0.0	0.0	0.0	0
B_Plasma	layer3	Bn_ATP5E	AP	1	1	0	0.0	0.0	0.0	0
B_Plasma	layer3	Bn_ATP5E	AS	7	7	5	0.002045687009887487	0.00027434842249657066	0.004240960565123985	155
B_Plasma	layer3	Bn_ATP5E	BD	4	4	4	0.0032292805100182153	0.002750366919713202	0.009888208894328846	161
B_Plasma	layer3	Bn_ATP5E	BD(Uveitis)	3	3	0	0.0	0.0	0.0	0
B_Plasma	layer3	Bn_ATP5E	BP	17	17	5	0.0	0.0	9.357162908206232e-05	21
B_Plasma	layer3	Bn_ATP5E	CD	33	33	15	0.0	0.0	0.0012245897624295861	119
B_Plasma	layer3	Bn_ATP5E	CI	19	19	11	0.00019542700801250732	0.0	0.0005700043005211306	47
B_Plasma	layer3	Bn_ATP5E	DLE	10	10	5	5.803830528148578e-05	0.0	0.00041049726606538366	29
B_Plasma	layer3	Bn_ATP5E	Gout	22	22	18	0.0005690263416355651	0.00020240203430749444	0.001318595755624223	166
B_Plasma	layer3	Bn_ATP5E	JIA	12	12	6	0.00010181225819588678	0.0	0.0005723811883232173	15
B_Plasma	layer3	Bn_ATP5E	LS	6	6	0	0.0	0.0	0.0	0
B_Plasma	layer3	Bn_ATP5E	Lyme	6	6	3	7.589556769884639e-05	0.0	0.00018782787977268458	6
B_Plasma	layer3	Bn_ATP5E	PN	13	13	0	0.0	0.0	0.0	0
B_Plasma	layer3	Bn_ATP5E	PSO	37	37	0	0.0	0.0	0.0	0
B_Plasma	layer3	Bn_ATP5E	PsA	4	4	3	0.0011347654799809571	0.00020514223194748358	0.00262216672527213	48
B_Plasma	layer3	Bn_ATP5E	RA	85	85	26	0.0	0.0	0.000273224043715847	125
B_Plasma	layer3	Bn_ATP5E	SLE	214	214	184	0.0038133141819777765	0.0006818706420094182	0.009996091497466693	5782
B_Plasma	layer3	Bn_ATP5E	SSc	25	25	0	0.0	0.0	0.0	0
B_Plasma	layer3	Bn_ATP5E	T1D	55	55	43	0.0008992805755395684	0.0004973754325488163	0.0014387705202403836	235
B_Plasma	layer3	Bn_ATP5E	UC	38	37	16	0.0	0.0	0.00019584802193497845	35
B_Plasma	layer3	Bn_ATP5E	VKHD(Uveitis)	3	3	1	0.0	0.0	0.00019751135690302193	4
B_Plasma	layer3	Bn_ATP5E	pSS	5	5	5	0.001793350807007863	0.0013571590137977834	0.004250430786904078	172
B_Plasma	layer3	Bn_CD79B	AD	5	5	0	0.0	0.0	0.0	0
B_Plasma	layer3	Bn_CD79B	AIH	1	1	0	0.0	0.0	0.0	0
B_Plasma	layer3	Bn_CD79B	AP	1	1	0	0.0	0.0	0.0	0
B_Plasma	layer3	Bn_CD79B	AS	7	7	7	0.002386634844868735	0.0009363083776947181	0.004989637550701927	193
B_Plasma	layer3	Bn_CD79B	BD	4	4	4	0.009946053764903214	0.00611054189435337	0.013498124731556921	190
B_Plasma	layer3	Bn_CD79B	BD(Uveitis)	3	3	0	0.0	0.0	0.0	0
B_Plasma	layer3	Bn_CD79B	BP	17	17	6	0.0	0.0	0.0015851209975694812	156
B_Plasma	layer3	Bn_CD79B	CD	33	33	25	0.003887269193391642	0.0005053057099545225	0.018754251287532796	1425
B_Plasma	layer3	Bn_CD79B	CI	19	19	18	0.03764626081058165	0.01926555365907872	0.05078941952132239	2568
B_Plasma	layer3	Bn_CD79B	DLE	10	10	5	0.00035714285714285714	0.0	0.0029230221493050713	97
B_Plasma	layer3	Bn_CD79B	Gout	22	22	19	0.002733635569368315	0.0007767459253653541	0.005254130209761288	748
B_Plasma	layer3	Bn_CD79B	JIA	12	12	12	0.012588510635760043	0.009984515614559875	0.019902462041110715	554
B_Plasma	layer3	Bn_CD79B	LS	6	6	0	0.0	0.0	0.0	0
B_Plasma	layer3	Bn_CD79B	Lyme	6	6	4	0.0012825804929826631	0.00029976019184652276	0.0034861841426951233	68
B_Plasma	layer3	Bn_CD79B	PN	13	13	0	0.0	0.0	0.0	0
B_Plasma	layer3	Bn_CD79B	PSO	37	37	0	0.0	0.0	0.0	0
B_Plasma	layer3	Bn_CD79B	PsA	4	4	3	0.00393428744739411	0.00200921560222889	0.005533353424442144	62
B_Plasma	layer3	Bn_CD79B	RA	85	85	39	0.0	0.0	0.001763668430335097	611
B_Plasma	layer3	Bn_CD79B	SLE	214	214	176	0.004684443166713893	0.0014879600243168458	0.01095388094133893	7920
B_Plasma	layer3	Bn_CD79B	SSc	25	25	0	0.0	0.0	0.0	0
B_Plasma	layer3	Bn_CD79B	T1D	55	55	49	0.007045561296383279	0.00289565117022113	0.01150701250879948	1856
B_Plasma	layer3	Bn_CD79B	UC	38	37	22	0.0033112582781456954	0.0	0.008963065986709937	1027
B_Plasma	layer3	Bn_CD79B	VKHD(Uveitis)	3	3	2	0.00157952930026852	0.00078976465013426	0.001629187916972103	27
B_Plasma	layer3	Bn_CD79B	pSS	5	5	4	0.006318207926479035	0.0028969513036280867	0.006785795068988917	206
B_Plasma	layer3	Bn_CD83	AD	5	5	0	0.0	0.0	0.0	0
B_Plasma	layer3	Bn_CD83	AIH	1	1	0	0.0	0.0	0.0	0
B_Plasma	layer3	Bn_CD83	AP	1	1	0	0.0	0.0	0.0	0
B_Plasma	layer3	Bn_CD83	AS	7	7	7	0.002207505518763797	0.0012391088406414077	0.003859248361594854	259
B_Plasma	layer3	Bn_CD83	BD	4	4	4	0.009250991565837965	0.0013111465746106993	0.02300004533297067	222
B_Plasma	layer3	Bn_CD83	BD(Uveitis)	3	3	0	0.0	0.0	0.0	0
B_Plasma	layer3	Bn_CD83	BP	17	17	6	0.0	0.0	0.0017937219730941704	431
B_Plasma	layer3	Bn_CD83	CD	33	33	22	0.004	0.0	0.04285714285714286	2064
B_Plasma	layer3	Bn_CD83	CI	19	19	18	0.05019501441410887	0.02571440072541758	0.08268305336568503	4690
B_Plasma	layer3	Bn_CD83	DLE	10	10	7	0.008749129593529265	0.00039854247324071966	0.018529713539507504	750
B_Plasma	layer3	Bn_CD83	Gout	22	22	18	0.002048684445255497	0.0007199638160657033	0.006742894371040305	666
B_Plasma	layer3	Bn_CD83	JIA	12	12	12	0.010499289303517447	0.007449704688076781	0.017521800684419893	475
B_Plasma	layer3	Bn_CD83	LS	6	6	0	0.0	0.0	0.0	0
B_Plasma	layer3	Bn_CD83	Lyme	6	6	4	0.004023897079882233	0.0008735150244584207	0.00488543591356423	102
B_Plasma	layer3	Bn_CD83	PN	13	13	0	0.0	0.0	0.0	0
B_Plasma	layer3	Bn_CD83	PSO	37	37	0	0.0	0.0	0.0	0
B_Plasma	layer3	Bn_CD83	PsA	4	4	3	0.0012435740272993046	0.0008205689277899343	0.00144399370996541	21
B_Plasma	layer3	Bn_CD83	RA	85	85	45	0.00044863167339614175	0.0	0.012055455093429777	3055
B_Plasma	layer3	Bn_CD83	SLE	214	214	181	0.0052542945646233494	0.0008021116453340599	0.01693468637996455	12304
B_Plasma	layer3	Bn_CD83	SSc	25	25	0	0.0	0.0	0.0	0
B_Plasma	layer3	Bn_CD83	T1D	55	55	53	0.018414322250639385	0.005372638982956861	0.027960477542655772	2641
B_Plasma	layer3	Bn_CD83	UC	38	37	26	0.003289473684210526	0.0	0.02498762988619495	3053
B_Plasma	layer3	Bn_CD83	VKHD(Uveitis)	3	3	3	0.0012838238198696426	0.0006796762603879934	0.0017475824201227852	28
B_Plasma	layer3	Bn_CD83	pSS	5	5	5	0.0028856825749167593	0.0013795006207752794	0.005858701895462378	266
B_Plasma	layer3	Bn_FCER2+/FOS-	AD	5	5	0	0.0	0.0	0.0	0
B_Plasma	layer3	Bn_FCER2+/FOS-	AIH	1	1	0	0.0	0.0	0.0	0
B_Plasma	layer3	Bn_FCER2+/FOS-	AP	1	1	0	0.0	0.0	0.0	0
B_Plasma	layer3	Bn_FCER2+/FOS-	AS	7	7	7	0.011140858450643406	0.006190217071666277	0.023896504422685774	1036
B_Plasma	layer3	Bn_FCER2+/FOS-	BD	4	4	4	0.039489935653682175	0.02142292805100182	0.06960237254077078	970
B_Plasma	layer3	Bn_FCER2+/FOS-	BD(Uveitis)	3	3	1	0.0	0.0	0.00015586034912718204	2
B_Plasma	layer3	Bn_FCER2+/FOS-	BP	17	17	6	0.0	0.0	0.01257529324738455	866
B_Plasma	layer3	Bn_FCER2+/FOS-	CD	33	33	28	0.03984450923226433	0.0056433408577878106	0.0772519677388009	5929
B_Plasma	layer3	Bn_FCER2+/FOS-	CI	19	19	19	0.13876040703052728	0.1038516999349815	0.21781741034419477	10512
B_Plasma	layer3	Bn_FCER2+/FOS-	DLE	10	10	7	0.010718188914910227	0.0002277385561375541	0.03059887357823996	1273
B_Plasma	layer3	Bn_FCER2+/FOS-	Gout	22	22	19	0.009397094025917369	0.0018083769788407983	0.02400487318409145	3381
B_Plasma	layer3	Bn_FCER2+/FOS-	JIA	12	12	12	0.0541714372111001	0.043493447398216714	0.0670562561884413	2207
B_Plasma	layer3	Bn_FCER2+/FOS-	LS	6	6	0	0.0	0.0	0.0	0
B_Plasma	layer3	Bn_FCER2+/FOS-	Lyme	6	6	4	0.0037401772571014225	0.0007210078931390407	0.007263685906620616	169
B_Plasma	layer3	Bn_FCER2+/FOS-	PN	13	13	0	0.0	0.0	0.0	0
B_Plasma	layer3	Bn_FCER2+/FOS-	PSO	37	37	0	0.0	0.0	0.0	0
B_Plasma	layer3	Bn_FCER2+/FOS-	PsA	4	4	3	0.016093633302323142	0.010667396061269147	0.021858180338850803	410
B_Plasma	layer3	Bn_FCER2+/FOS-	RA	85	85	50	0.006864006864006864	0.0	0.017713365539452495	4364
B_Plasma	layer3	Bn_FCER2+/FOS-	SLE	214	214	189	0.024784490454730496	0.008303173723055227	0.045934531958128175	30674
B_Plasma	layer3	Bn_FCER2+/FOS-	SSc	25	25	0	0.0	0.0	0.0	0
B_Plasma	layer3	Bn_FCER2+/FOS-	T1D	55	55	54	0.04623004953219593	0.029012293683550794	0.06431715856768978	8512
B_Plasma	layer3	Bn_FCER2+/FOS-	UC	38	37	29	0.026119402985074626	0.0016433853738701725	0.052980132450331126	5807
B_Plasma	layer3	Bn_FCER2+/FOS-	VKHD(Uveitis)	3	3	3	0.01832253988311483	0.00991655695062086	0.019431860500514556	344
B_Plasma	layer3	Bn_FCER2+/FOS-	pSS	5	5	5	0.030309884641483827	0.013105255897365154	0.03641585295807007	757
B_Plasma	layer3	Bn_ISGs	AD	5	5	0	0.0	0.0	0.0	0
B_Plasma	layer3	Bn_ISGs	AIH	1	1	0	0.0	0.0	0.0	0
B_Plasma	layer3	Bn_ISGs	AP	1	1	0	0.0	0.0	0.0	0
B_Plasma	layer3	Bn_ISGs	AS	7	7	7	0.0008636324380343726	0.0005977772703052447	0.001048578105916567	48
B_Plasma	layer3	Bn_ISGs	BD	4	4	4	0.0023576771385828916	0.0013760245901639344	0.004250013879371526	69
B_Plasma	layer3	Bn_ISGs	BD(Uveitis)	3	3	1	0.0	0.0	7.793017456359102e-05	1
B_Plasma	layer3	Bn_ISGs	BP	17	17	6	0.0	0.0	0.0002979737783075089	65
B_Plasma	layer3	Bn_ISGs	CD	33	33	23	0.0015193719929095975	0.0	0.013681970203709334	2021
B_Plasma	layer3	Bn_ISGs	CI	19	19	17	0.005550416281221091	0.0023998210058317456	0.014200444629000318	985
B_Plasma	layer3	Bn_ISGs	DLE	10	10	7	0.002460649995566197	0.0002846731951719426	0.010933441481213666	351
B_Plasma	layer3	Bn_ISGs	Gout	22	22	16	0.000619177075838095	4.92029128124385e-05	0.00148850989198315	215
B_Plasma	layer3	Bn_ISGs	JIA	12	12	12	0.004584582545466472	0.003326459788055133	0.013825332924520716	342
B_Plasma	layer3	Bn_ISGs	LS	6	6	0	0.0	0.0	0.0	0
B_Plasma	layer3	Bn_ISGs	Lyme	6	6	3	0.00019984012789768185	0.0	0.0004414501185936497	11
B_Plasma	layer3	Bn_ISGs	PN	13	13	0	0.0	0.0	0.0	0
B_Plasma	layer3	Bn_ISGs	PSO	37	37	0	0.0	0.0	0.0	0
B_Plasma	layer3	Bn_ISGs	PsA	4	4	3	0.001134593222470618	0.0008036862408915559	0.001376868800691833	20
B_Plasma	layer3	Bn_ISGs	RA	85	85	44	0.000273224043715847	0.0	0.0018103643358225842	368
B_Plasma	layer3	Bn_ISGs	SLE	214	214	160	0.0017007128748476284	3.947576188220433e-05	0.007267044072210303	5067
B_Plasma	layer3	Bn_ISGs	SSc	25	25	0	0.0	0.0	0.0	0
B_Plasma	layer3	Bn_ISGs	T1D	55	55	50	0.003258060892034603	0.001228500301750151	0.004684127591325924	582
B_Plasma	layer3	Bn_ISGs	UC	38	37	22	0.0006854680767724246	0.0	0.003732039559619332	531
B_Plasma	layer3	Bn_ISGs	VKHD(Uveitis)	3	3	3	0.004264729110725004	0.0022834219571751906	0.0051444127481335864	92
B_Plasma	layer3	Bn_ISGs	pSS	5	5	4	0.0022975301550832855	0.00027590012415505585	0.002940511196561864	95
B_Plasma	layer3	Plasmablast	AD	5	5	0	0.0	0.0	0.0	0
B_Plasma	layer3	Plasmablast	AIH	1	1	0	0.0	0.0	0.0	0
B_Plasma	layer3	Plasmablast	AP	1	1	0	0.0	0.0	0.0	0
B_Plasma	layer3	Plasmablast	AS	7	7	4	0.00011364927832708262	0.0	0.0001579519110560876	5
B_Plasma	layer3	Plasmablast	BD	4	4	0	0.0	0.0	0.0	0
B_Plasma	layer3	Plasmablast	BD(Uveitis)	3	3	0	0.0	0.0	0.0	0
B_Plasma	layer3	Plasmablast	BP	17	17	0	0.0	0.0	0.0	0
B_Plasma	layer3	Plasmablast	CD	33	33	18	0.00019912385503783353	0.0	0.004	167
B_Plasma	layer3	Plasmablast	CI	19	19	11	0.0005894488653109342	0.0	0.0007779497964865744	48
B_Plasma	layer3	Plasmablast	DLE	10	10	5	5.904581955597544e-05	0.0	0.00023889193441097698	11
B_Plasma	layer3	Plasmablast	Gout	22	22	5	0.0	0.0	0.0	12
B_Plasma	layer3	Plasmablast	JIA	12	12	6	0.00010181225819588678	0.0	0.0013161254360412847	30
B_Plasma	layer3	Plasmablast	LS	6	6	0	0.0	0.0	0.0	0
B_Plasma	layer3	Plasmablast	Lyme	6	6	4	0.0006513914551418974	7.589556769884639e-05	0.001123315184330523	25
B_Plasma	layer3	Plasmablast	PN	13	13	0	0.0	0.0	0.0	0
B_Plasma	layer3	Plasmablast	PSO	37	37	0	0.0	0.0	0.0	0
B_Plasma	layer3	Plasmablast	PsA	4	4	0	0.0	0.0	0.0	0
B_Plasma	layer3	Plasmablast	RA	85	85	18	0.0	0.0	0.0	34
B_Plasma	layer3	Plasmablast	SLE	214	214	66	0.0	0.0	0.00019969529293558356	171
B_Plasma	layer3	Plasmablast	SSc	25	25	0	0.0	0.0	0.0	0
B_Plasma	layer3	Plasmablast	T1D	55	55	13	0.0	0.0	0.0	37
B_Plasma	layer3	Plasmablast	UC	38	37	22	0.0004545971133083305	0.0	0.0029856316476954657	205
B_Plasma	layer3	Plasmablast	VKHD(Uveitis)	3	3	3	0.000157952930026852	0.0001167408154665982	0.0004739991788194699	10
B_Plasma	layer3	Plasmablast	pSS	5	5	0	0.0	0.0	0.0	0
B_Plasma	layer3	PlgA_FOSB+/JUN+	AD	5	5	0	0.0	0.0	0.0	0
B_Plasma	layer3	PlgA_FOSB+/JUN+	AIH	1	1	0	0.0	0.0	0.0	0
B_Plasma	layer3	PlgA_FOSB+/JUN+	AP	1	1	0	0.0	0.0	0.0	0
B_Plasma	layer3	PlgA_FOSB+/JUN+	AS	7	7	0	0.0	0.0	0.0	0
B_Plasma	layer3	PlgA_FOSB+/JUN+	BD	4	4	0	0.0	0.0	0.0	0
B_Plasma	layer3	PlgA_FOSB+/JUN+	BD(Uveitis)	3	3	0	0.0	0.0	0.0	0
B_Plasma	layer3	PlgA_FOSB+/JUN+	BP	17	17	0	0.0	0.0	0.0	0
B_Plasma	layer3	PlgA_FOSB+/JUN+	CD	33	33	21	0.02044989775051125	0.0	0.0609167671893848	2428
B_Plasma	layer3	PlgA_FOSB+/JUN+	CI	19	19	17	0.006881297616121897	0.0015771719403456165	0.019678068962484176	1547
B_Plasma	layer3	PlgA_FOSB+/JUN+	DLE	10	10	5	0.00031036623215394165	0.0	0.0018699683711624379	98
B_Plasma	layer3	PlgA_FOSB+/JUN+	Gout	22	22	0	0.0	0.0	0.0	0
B_Plasma	layer3	PlgA_FOSB+/JUN+	JIA	12	12	10	0.001481144216105729	0.0006350371169332904	0.0030990679356912108	83
B_Plasma	layer3	PlgA_FOSB+/JUN+	LS	6	6	0	0.0	0.0	0.0	0
B_Plasma	layer3	PlgA_FOSB+/JUN+	Lyme	6	6	4	0.0009789982221872775	0.00018973891924711596	0.0025708992554384167	82
B_Plasma	layer3	PlgA_FOSB+/JUN+	PN	13	13	0	0.0	0.0	0.0	0
B_Plasma	layer3	PlgA_FOSB+/JUN+	PSO	37	37	0	0.0	0.0	0.0	0
B_Plasma	layer3	PlgA_FOSB+/JUN+	PsA	4	4	0	0.0	0.0	0.0	0
B_Plasma	layer3	PlgA_FOSB+/JUN+	RA	85	85	46	0.0008481764206955047	0.0	0.006067291781577496	1190
B_Plasma	layer3	PlgA_FOSB+/JUN+	SLE	214	214	27	0.0	0.0	0.0	240
B_Plasma	layer3	PlgA_FOSB+/JUN+	SSc	25	25	0	0.0	0.0	0.0	0
B_Plasma	layer3	PlgA_FOSB+/JUN+	T1D	55	55	22	0.0	0.0	0.0005678766845515111	63
B_Plasma	layer3	PlgA_FOSB+/JUN+	UC	38	37	23	0.01597184623714131	0.0	0.05556554576515015	5282
B_Plasma	layer3	PlgA_FOSB+/JUN+	VKHD(Uveitis)	3	3	0	0.0	0.0	0.0	0
B_Plasma	layer3	PlgA_FOSB+/JUN+	pSS	5	5	0	0.0	0.0	0.0	0
B_Plasma	layer3	PlgA_HLA-A	AD	5	5	0	0.0	0.0	0.0	0
B_Plasma	layer3	PlgA_HLA-A	AIH	1	1	0	0.0	0.0	0.0	0
B_Plasma	layer3	PlgA_HLA-A	AP	1	1	0	0.0	0.0	0.0	0
B_Plasma	layer3	PlgA_HLA-A	AS	7	7	0	0.0	0.0	0.0	0
B_Plasma	layer3	PlgA_HLA-A	BD	4	4	0	0.0	0.0	0.0	0
B_Plasma	layer3	PlgA_HLA-A	BD(Uveitis)	3	3	0	0.0	0.0	0.0	0
B_Plasma	layer3	PlgA_HLA-A	BP	17	17	0	0.0	0.0	0.0	0
B_Plasma	layer3	PlgA_HLA-A	CD	33	33	24	0.0033994334277620396	0.0	0.008	382
B_Plasma	layer3	PlgA_HLA-A	CI	19	19	14	0.0009375585974123383	0.00014302059496567506	0.002909068546555657	233
B_Plasma	layer3	PlgA_HLA-A	DLE	10	10	3	0.0	0.0	0.0003617072582589824	14
B_Plasma	layer3	PlgA_HLA-A	Gout	22	22	0	0.0	0.0	0.0	0
B_Plasma	layer3	PlgA_HLA-A	JIA	12	12	8	0.0006544194780061278	0.0	0.001319536130214594	34
B_Plasma	layer3	PlgA_HLA-A	LS	6	6	0	0.0	0.0	0.0	0
B_Plasma	layer3	PlgA_HLA-A	Lyme	6	6	3	0.00022768670309653916	0.0	0.000637952366223322	29
B_Plasma	layer3	PlgA_HLA-A	PN	13	13	0	0.0	0.0	0.0	0
B_Plasma	layer3	PlgA_HLA-A	PSO	37	37	0	0.0	0.0	0.0	0
B_Plasma	layer3	PlgA_HLA-A	PsA	4	4	0	0.0	0.0	0.0	0
B_Plasma	layer3	PlgA_HLA-A	RA	85	85	30	0.0	0.0	0.00044863167339614175	180
B_Plasma	layer3	PlgA_HLA-A	SLE	214	214	29	0.0	0.0	0.0	186
B_Plasma	layer3	PlgA_HLA-A	SSc	25	25	0	0.0	0.0	0.0	0
B_Plasma	layer3	PlgA_HLA-A	T1D	55	55	15	0.0	0.0	0.00014598007167979798	18
B_Plasma	layer3	PlgA_HLA-A	UC	38	37	27	0.0014757424829367274	0.0	0.010926118626430802	752
B_Plasma	layer3	PlgA_HLA-A	VKHD(Uveitis)	3	3	0	0.0	0.0	0.0	0
B_Plasma	layer3	PlgA_HLA-A	pSS	5	5	0	0.0	0.0	0.0	0
B_Plasma	layer3	PlgA_ISGs	AD	5	5	0	0.0	0.0	0.0	0
B_Plasma	layer3	PlgA_ISGs	AIH	1	1	0	0.0	0.0	0.0	0
B_Plasma	layer3	PlgA_ISGs	AP	1	1	0	0.0	0.0	0.0	0
B_Plasma	layer3	PlgA_ISGs	AS	7	7	0	0.0	0.0	0.0	0
B_Plasma	layer3	PlgA_ISGs	BD	4	4	0	0.0	0.0	0.0	0
B_Plasma	layer3	PlgA_ISGs	BD(Uveitis)	3	3	0	0.0	0.0	0.0	0
B_Plasma	layer3	PlgA_ISGs	BP	17	17	0	0.0	0.0	0.0	0
B_Plasma	layer3	PlgA_ISGs	CD	33	33	16	0.0	0.0	0.000676132521974307	73
B_Plasma	layer3	PlgA_ISGs	CI	19	19	8	0.0	0.0	0.00027024253090133886	62
B_Plasma	layer3	PlgA_ISGs	DLE	10	10	2	0.0	0.0	0.0	5
B_Plasma	layer3	PlgA_ISGs	Gout	22	22	0	0.0	0.0	0.0	0
B_Plasma	layer3	PlgA_ISGs	JIA	12	12	3	0.0	0.0	8.874689385871494e-05	6
B_Plasma	layer3	PlgA_ISGs	LS	6	6	0	0.0	0.0	0.0	0
B_Plasma	layer3	PlgA_ISGs	Lyme	6	6	0	0.0	0.0	0.0	0
B_Plasma	layer3	PlgA_ISGs	PN	13	13	0	0.0	0.0	0.0	0
B_Plasma	layer3	PlgA_ISGs	PSO	37	37	0	0.0	0.0	0.0	0
B_Plasma	layer3	PlgA_ISGs	PsA	4	4	0	0.0	0.0	0.0	0
B_Plasma	layer3	PlgA_ISGs	RA	85	85	11	0.0	0.0	0.0	40
B_Plasma	layer3	PlgA_ISGs	SLE	214	214	7	0.0	0.0	0.0	59
B_Plasma	layer3	PlgA_ISGs	SSc	25	25	0	0.0	0.0	0.0	0
B_Plasma	layer3	PlgA_ISGs	T1D	55	55	0	0.0	0.0	0.0	0
B_Plasma	layer3	PlgA_ISGs	UC	38	37	16	0.0	0.0	0.0009216589861751152	176
B_Plasma	layer3	PlgA_ISGs	VKHD(Uveitis)	3	3	0	0.0	0.0	0.0	0
B_Plasma	layer3	PlgA_ISGs	pSS	5	5	0	0.0	0.0	0.0	0
B_Plasma	layer3	PlgA_MTHFD2	AD	5	5	0	0.0	0.0	0.0	0
B_Plasma	layer3	PlgA_MTHFD2	AIH	1	1	0	0.0	0.0	0.0	0
B_Plasma	layer3	PlgA_MTHFD2	AP	1	1	0	0.0	0.0	0.0	0
B_Plasma	layer3	PlgA_MTHFD2	AS	7	7	0	0.0	0.0	0.0	0
B_Plasma	layer3	PlgA_MTHFD2	BD	4	4	0	0.0	0.0	0.0	0
B_Plasma	layer3	PlgA_MTHFD2	BD(Uveitis)	3	3	0	0.0	0.0	0.0	0
B_Plasma	layer3	PlgA_MTHFD2	BP	17	17	0	0.0	0.0	0.0	0
B_Plasma	layer3	PlgA_MTHFD2	CD	33	33	19	0.0010273972602739725	0.0	0.007237635705669481	335
B_Plasma	layer3	PlgA_MTHFD2	CI	19	19	11	0.0003750234389649353	0.0	0.003760378468442763	200
B_Plasma	layer3	PlgA_MTHFD2	DLE	10	10	4	0.0	0.0	0.00032145691680984974	18
B_Plasma	layer3	PlgA_MTHFD2	Gout	22	22	0	0.0	0.0	0.0	0
B_Plasma	layer3	PlgA_MTHFD2	JIA	12	12	7	0.00031211952815900234	0.0	0.0004415282280443833	11
B_Plasma	layer3	PlgA_MTHFD2	LS	6	6	0	0.0	0.0	0.0	0
B_Plasma	layer3	PlgA_MTHFD2	Lyme	6	6	3	7.589556769884639e-05	0.0	0.00021265078874110733	15
B_Plasma	layer3	PlgA_MTHFD2	PN	13	13	0	0.0	0.0	0.0	0
B_Plasma	layer3	PlgA_MTHFD2	PSO	37	37	0	0.0	0.0	0.0	0
B_Plasma	layer3	PlgA_MTHFD2	PsA	4	4	0	0.0	0.0	0.0	0
B_Plasma	layer3	PlgA_MTHFD2	RA	85	85	26	0.0	0.0	0.00028694404591104734	130
B_Plasma	layer3	PlgA_MTHFD2	SLE	214	214	23	0.0	0.0	0.0	67
B_Plasma	layer3	PlgA_MTHFD2	SSc	25	25	0	0.0	0.0	0.0	0
B_Plasma	layer3	PlgA_MTHFD2	T1D	55	55	2	0.0	0.0	0.0	2
B_Plasma	layer3	PlgA_MTHFD2	UC	38	37	20	0.0012912746725696365	0.0	0.007174666006927264	710
B_Plasma	layer3	PlgA_MTHFD2	VKHD(Uveitis)	3	3	0	0.0	0.0	0.0	0
B_Plasma	layer3	PlgA_MTHFD2	pSS	5	5	0	0.0	0.0	0.0	0
B_Plasma	layer3	PlgG_GAS6	AD	5	5	0	0.0	0.0	0.0	0
B_Plasma	layer3	PlgG_GAS6	AIH	1	1	0	0.0	0.0	0.0	0
B_Plasma	layer3	PlgG_GAS6	AP	1	1	0	0.0	0.0	0.0	0
B_Plasma	layer3	PlgG_GAS6	AS	7	7	0	0.0	0.0	0.0	0
B_Plasma	layer3	PlgG_GAS6	BD	4	4	0	0.0	0.0	0.0	0
B_Plasma	layer3	PlgG_GAS6	BD(Uveitis)	3	3	0	0.0	0.0	0.0	0
B_Plasma	layer3	PlgG_GAS6	BP	17	17	0	0.0	0.0	0.0	0
B_Plasma	layer3	PlgG_GAS6	CD	33	33	15	0.0	0.0	0.0028790786948176585	352
B_Plasma	layer3	PlgG_GAS6	CI	19	19	8	0.0	0.0	0.0005466393124401181	83
B_Plasma	layer3	PlgG_GAS6	DLE	10	10	4	0.0	0.0	0.000145406489698471	9
B_Plasma	layer3	PlgG_GAS6	Gout	22	22	0	0.0	0.0	0.0	0
B_Plasma	layer3	PlgG_GAS6	JIA	12	12	5	0.0	0.0	0.00035852565758205104	12
B_Plasma	layer3	PlgG_GAS6	LS	6	6	0	0.0	0.0	0.0	0
B_Plasma	layer3	PlgG_GAS6	Lyme	6	6	1	0.0	0.0	0.0	6
B_Plasma	layer3	PlgG_GAS6	PN	13	13	0	0.0	0.0	0.0	0
B_Plasma	layer3	PlgG_GAS6	PSO	37	37	0	0.0	0.0	0.0	0
B_Plasma	layer3	PlgG_GAS6	PsA	4	4	0	0.0	0.0	0.0	0
B_Plasma	layer3	PlgG_GAS6	RA	85	85	34	0.0	0.0	0.000664451827242525	246
B_Plasma	layer3	PlgG_GAS6	SLE	214	214	8	0.0	0.0	0.0	20
B_Plasma	layer3	PlgG_GAS6	SSc	25	25	0	0.0	0.0	0.0	0
B_Plasma	layer3	PlgG_GAS6	T1D	55	55	3	0.0	0.0	0.0	3
B_Plasma	layer3	PlgG_GAS6	UC	38	37	17	0.0	0.0	0.006379585326953748	1059
B_Plasma	layer3	PlgG_GAS6	VKHD(Uveitis)	3	3	0	0.0	0.0	0.0	0
B_Plasma	layer3	PlgG_GAS6	pSS	5	5	0	0.0	0.0	0.0	0
B_Plasma	layer3	PlgG_IGLC2+/KLF6-	AD	5	5	0	0.0	0.0	0.0	0
B_Plasma	layer3	PlgG_IGLC2+/KLF6-	AIH	1	1	0	0.0	0.0	0.0	0
B_Plasma	layer3	PlgG_IGLC2+/KLF6-	AP	1	1	0	0.0	0.0	0.0	0
B_Plasma	layer3	PlgG_IGLC2+/KLF6-	AS	7	7	0	0.0	0.0	0.0	0
B_Plasma	layer3	PlgG_IGLC2+/KLF6-	BD	4	4	0	0.0	0.0	0.0	0
B_Plasma	layer3	PlgG_IGLC2+/KLF6-	BD(Uveitis)	3	3	0	0.0	0.0	0.0	0
B_Plasma	layer3	PlgG_IGLC2+/KLF6-	BP	17	17	0	0.0	0.0	0.0	0
B_Plasma	layer3	PlgG_IGLC2+/KLF6-	CD	33	33	21	0.0022026431718061676	0.0	0.008746355685131196	773
B_Plasma	layer3	PlgG_IGLC2+/KLF6-	CI	19	19	16	0.0024271844660194173	0.0005372387289998406	0.006741674344420261	323
B_Plasma	layer3	PlgG_IGLC2+/KLF6-	DLE	10	10	4	0.0	0.0	0.0005204352047083012	24
B_Plasma	layer3	PlgG_IGLC2+/KLF6-	Gout	22	22	0	0.0	0.0	0.0	0
B_Plasma	layer3	PlgG_IGLC2+/KLF6-	JIA	12	12	6	0.00016129032258064516	0.0	0.0004858850283521669	18
B_Plasma	layer3	PlgG_IGLC2+/KLF6-	LS	6	6	0	0.0	0.0	0.0	0
B_Plasma	layer3	PlgG_IGLC2+/KLF6-	Lyme	6	6	2	0.0	0.0	0.00017470300489168413	52
B_Plasma	layer3	PlgG_IGLC2+/KLF6-	PN	13	13	0	0.0	0.0	0.0	0
B_Plasma	layer3	PlgG_IGLC2+/KLF6-	PSO	37	37	0	0.0	0.0	0.0	0
B_Plasma	layer3	PlgG_IGLC2+/KLF6-	PsA	4	4	0	0.0	0.0	0.0	0
B_Plasma	layer3	PlgG_IGLC2+/KLF6-	RA	85	85	38	0.0	0.0	0.001721664275466284	520
B_Plasma	layer3	PlgG_IGLC2+/KLF6-	SLE	214	214	14	0.0	0.0	0.0	49
B_Plasma	layer3	PlgG_IGLC2+/KLF6-	SSc	25	25	0	0.0	0.0	0.0	0
B_Plasma	layer3	PlgG_IGLC2+/KLF6-	T1D	55	55	8	0.0	0.0	0.0	11
B_Plasma	layer3	PlgG_IGLC2+/KLF6-	UC	38	37	25	0.0054428500742206825	0.0	0.030737704918032786	1833
B_Plasma	layer3	PlgG_IGLC2+/KLF6-	VKHD(Uveitis)	3	3	0	0.0	0.0	0.0	0
B_Plasma	layer3	PlgG_IGLC2+/KLF6-	pSS	5	5	0	0.0	0.0	0.0	0
B_Plasma	layer3	PlgG_KLF2	AD	5	5	0	0.0	0.0	0.0	0
B_Plasma	layer3	PlgG_KLF2	AIH	1	1	0	0.0	0.0	0.0	0
B_Plasma	layer3	PlgG_KLF2	AP	1	1	0	0.0	0.0	0.0	0
B_Plasma	layer3	PlgG_KLF2	AS	7	7	0	0.0	0.0	0.0	0
B_Plasma	layer3	PlgG_KLF2	BD	4	4	0	0.0	0.0	0.0	0
B_Plasma	layer3	PlgG_KLF2	BD(Uveitis)	3	3	0	0.0	0.0	0.0	0
B_Plasma	layer3	PlgG_KLF2	BP	17	17	0	0.0	0.0	0.0	0
B_Plasma	layer3	PlgG_KLF2	CD	33	33	14	0.0	0.0	0.001010611419909045	69
B_Plasma	layer3	PlgG_KLF2	CI	19	19	7	0.0	0.0	0.00038569240392971566	35
B_Plasma	layer3	PlgG_KLF2	DLE	10	10	2	0.0	0.0	0.0	2
B_Plasma	layer3	PlgG_KLF2	Gout	22	22	0	0.0	0.0	0.0	0
B_Plasma	layer3	PlgG_KLF2	JIA	12	12	4	0.0	0.0	0.0003232627447688207	6
B_Plasma	layer3	PlgG_KLF2	LS	6	6	0	0.0	0.0	0.0	0
B_Plasma	layer3	PlgG_KLF2	Lyme	6	6	1	0.0	0.0	0.0	4
B_Plasma	layer3	PlgG_KLF2	PN	13	13	0	0.0	0.0	0.0	0
B_Plasma	layer3	PlgG_KLF2	PSO	37	37	0	0.0	0.0	0.0	0
B_Plasma	layer3	PlgG_KLF2	PsA	4	4	0	0.0	0.0	0.0	0
B_Plasma	layer3	PlgG_KLF2	RA	85	85	21	0.0	0.0	0.0	46
B_Plasma	layer3	PlgG_KLF2	SLE	214	214	5	0.0	0.0	0.0	7
B_Plasma	layer3	PlgG_KLF2	SSc	25	25	0	0.0	0.0	0.0	0
B_Plasma	layer3	PlgG_KLF2	T1D	55	55	4	0.0	0.0	0.0	4
B_Plasma	layer3	PlgG_KLF2	UC	38	37	13	0.0	0.0	0.0008216926869350862	596
B_Plasma	layer3	PlgG_KLF2	VKHD(Uveitis)	3	3	0	0.0	0.0	0.0	0
B_Plasma	layer3	PlgG_KLF2	pSS	5	5	0	0.0	0.0	0.0	0
B_Plasma	layer3	PlgG_MHCII	AD	5	5	0	0.0	0.0	0.0	0
B_Plasma	layer3	PlgG_MHCII	AIH	1	1	0	0.0	0.0	0.0	0
B_Plasma	layer3	PlgG_MHCII	AP	1	1	0	0.0	0.0	0.0	0
B_Plasma	layer3	PlgG_MHCII	AS	7	7	0	0.0	0.0	0.0	0
B_Plasma	layer3	PlgG_MHCII	BD	4	4	0	0.0	0.0	0.0	0
B_Plasma	layer3	PlgG_MHCII	BD(Uveitis)	3	3	0	0.0	0.0	0.0	0
B_Plasma	layer3	PlgG_MHCII	BP	17	17	0	0.0	0.0	0.0	0
B_Plasma	layer3	PlgG_MHCII	CD	33	33	17	0.0002449179524859172	0.0	0.0034821145932257044	203
B_Plasma	layer3	PlgG_MHCII	CI	19	19	13	0.00199203187250996	0.0	0.002655174410778627	186
B_Plasma	layer3	PlgG_MHCII	DLE	10	10	5	0.00024113817217265494	0.0	0.0006600263001994353	21
B_Plasma	layer3	PlgG_MHCII	Gout	22	22	0	0.0	0.0	0.0	0
B_Plasma	layer3	PlgG_MHCII	JIA	12	12	3	0.0	0.0	6.731287022078621e-05	7
B_Plasma	layer3	PlgG_MHCII	LS	6	6	0	0.0	0.0	0.0	0
B_Plasma	layer3	PlgG_MHCII	Lyme	6	6	2	0.0	0.0	0.00017470300489168413	21
B_Plasma	layer3	PlgG_MHCII	PN	13	13	0	0.0	0.0	0.0	0
B_Plasma	layer3	PlgG_MHCII	PSO	37	37	0	0.0	0.0	0.0	0
B_Plasma	layer3	PlgG_MHCII	PsA	4	4	0	0.0	0.0	0.0	0
B_Plasma	layer3	PlgG_MHCII	RA	85	85	26	0.0	0.0	0.0003322259136212625	142
B_Plasma	layer3	PlgG_MHCII	SLE	214	214	16	0.0	0.0	0.0	65
B_Plasma	layer3	PlgG_MHCII	SSc	25	25	0	0.0	0.0	0.0	0
B_Plasma	layer3	PlgG_MHCII	T1D	55	55	4	0.0	0.0	0.0	5
B_Plasma	layer3	PlgG_MHCII	UC	38	37	24	0.0017825311942959	0.0	0.010636312744915097	563
B_Plasma	layer3	PlgG_MHCII	VKHD(Uveitis)	3	3	0	0.0	0.0	0.0	0
B_Plasma	layer3	PlgG_MHCII	pSS	5	5	0	0.0	0.0	0.0	0
T_NK	layer1	CD4_T	AD	5	5	5	0.1153054221002059	0.10698689956331878	0.12098765432098765	1128
T_NK	layer1	CD4_T	AIH	1	1	0	0.0	0.0	0.0	0
T_NK	layer1	CD4_T	AP	1	1	1	0.11596696490020647	0.11596696490020647	0.11596696490020647	337
T_NK	layer1	CD4_T	AS	7	7	7	0.18661211501306968	0.09629995151413433	0.18916714675863583	8984
T_NK	layer1	CD4_T	BD	4	4	4	0.180249613740795	0.16246185230518156	0.19927079111044302	3725
T_NK	layer1	CD4_T	BD(Uveitis)	3	3	3	0.11443128614706692	0.08404971495930402	0.1635903313528352	2305
T_NK	layer1	CD4_T	BP	17	17	14	0.1135280095351609	0.0596970596970597	0.23430335922148404	14602
T_NK	layer1	CD4_T	CD	33	33	23	0.08248816768086545	0.0	0.16600985221674877	12862
T_NK	layer1	CD4_T	CI	19	19	14	0.1254980079681275	0.03189655172413793	0.15807620541340195	8167
T_NK	layer1	CD4_T	DLE	10	10	10	0.23112396970710788	0.21653653507813922	0.2771871379518466	12194
T_NK	layer1	CD4_T	Gout	22	22	21	0.15604959514170041	0.07782512558556406	0.21967343844212117	29142
T_NK	layer1	CD4_T	JIA	12	12	12	0.33547947171978176	0.2799880794867966	0.38224299611577106	12485
T_NK	layer1	CD4_T	LS	6	6	5	0.2553332600239172	0.24725614433831503	0.3052734107997266	923
T_NK	layer1	CD4_T	Lyme	6	6	6	0.21305508777155338	0.17639276861120504	0.257929380621482	4755
T_NK	layer1	CD4_T	PN	13	13	9	0.055284552845528454	0.0	0.10394916023604175	932
T_NK	layer1	CD4_T	PSO	37	37	31	0.16214427531436135	0.05188679245283019	0.3338997451146984	4773
T_NK	layer1	CD4_T	PsA	4	4	4	0.29173523304204446	0.259168771330036	0.3174248466961045	5105
T_NK	layer1	CD4_T	RA	85	85	78	0.19844357976653695	0.1259684361549498	0.261110086667896	37399
T_NK	layer1	CD4_T	SLE	214	214	213	0.1650212354915362	0.11650511668346511	0.21896168226375892	168624
T_NK	layer1	CD4_T	SSc	25	25	18	0.0502092050209205	0.0	0.14338235294117646	1571
T_NK	layer1	CD4_T	T1D	55	55	54	0.31517144199154534	0.25846287728098244	0.3680244188452783	44824
T_NK	layer1	CD4_T	UC	38	37	23	0.07947019867549669	0.0	0.2935560859188544	32381
T_NK	layer1	CD4_T	VKHD(Uveitis)	3	3	3	0.4333836858006042	0.39968031233641016	0.4450643493194212	12680
T_NK	layer1	CD4_T	pSS	5	5	5	0.18958333333333333	0.15146916816112568	0.1942999321420493	4691
T_NK	layer1	CD8_T	AD	5	5	5	0.03912111468381565	0.03292181069958848	0.059025394646533974	367
T_NK	layer1	CD8_T	AIH	1	1	0	0.0	0.0	0.0	0
T_NK	layer1	CD8_T	AP	1	1	1	0.03372333103922918	0.03372333103922918	0.03372333103922918	98
T_NK	layer1	CD8_T	AS	7	7	7	0.13762927605409706	0.07765264889006995	0.15266089588950382	7173
T_NK	layer1	CD8_T	BD	4	4	4	0.23090620608368467	0.1997842863568567	0.24567399887196842	4099
T_NK	layer1	CD8_T	BD(Uveitis)	3	3	3	0.12562344139650872	0.09481565964458621	0.15706950092408745	2305
T_NK	layer1	CD8_T	BP	17	17	14	0.05934242181234964	0.0263705759888966	0.15435850470402132	9095
T_NK	layer1	CD8_T	CD	33	33	23	0.07550286658245069	0.0	0.13371104815864024	7195
T_NK	layer1	CD8_T	CI	19	19	14	0.09150571910744422	0.022756469076894843	0.19012368815592204	6018
T_NK	layer1	CD8_T	DLE	10	10	10	0.21026747690581535	0.16655940059426863	0.24007973887633438	9392
T_NK	layer1	CD8_T	Gout	22	22	21	0.1802058407642348	0.11935821923775322	0.24144394283144782	34983
T_NK	layer1	CD8_T	JIA	12	12	12	0.22240342493030663	0.16831370300307902	0.2704053599723565	8513
T_NK	layer1	CD8_T	LS	6	6	5	0.13676008202323992	0.11473038171296615	0.15456679167205484	494
T_NK	layer1	CD8_T	Lyme	6	6	6	0.17879412317140825	0.1263017652500488	0.20126378896882494	3851
T_NK	layer1	CD8_T	PN	13	13	9	0.027820710973724884	0.0	0.04890895410082769	427
T_NK	layer1	CD8_T	PSO	37	37	31	0.09811565951916829	0.008413461538461538	0.18813314037626627	2559
T_NK	layer1	CD8_T	PsA	4	4	4	0.1281728762791605	0.0874625748502994	0.17858726027757013	2783
T_NK	layer1	CD8_T	RA	85	85	78	0.14731839782756279	0.09486780715396578	0.2364288918797667	33323
T_NK	layer1	CD8_T	SLE	214	214	213	0.1807440002834922	0.1277697728472063	0.226408659735393	173172
T_NK	layer1	CD8_T	SSc	25	25	18	0.04460966542750929	0.0	0.07509386733416772	1320
T_NK	layer1	CD8_T	T1D	55	55	54	0.20389733840304183	0.16337824567563267	0.23929186517256035	33578
T_NK	layer1	CD8_T	UC	38	37	23	0.03349282296650718	0.0	0.17686212361331222	18135
T_NK	layer1	CD8_T	VKHD(Uveitis)	3	3	3	0.21212719731384555	0.17643162898388534	0.26221918778078984	7174
T_NK	layer1	CD8_T	pSS	5	5	5	0.22403090081390536	0.1511574074074074	0.2511200459506031	6409
T_NK	layer1	Cycling	AD	5	5	5	0.021834061135371178	0.021536252692031587	0.02608098833218943	246
T_NK	layer1	Cycling	AIH	1	1	0	0.0	0.0	0.0	0
T_NK	layer1	Cycling	AP	1	1	1	0.004473503097040606	0.004473503097040606	0.004473503097040606	13
T_NK	layer1	Cycling	AS	7	7	7	0.002942528735632184	0.001171935651551667	0.003648703065303437	174
T_NK	layer1	Cycling	BD	4	4	4	0.0023820873436069113	0.001478982563679948	0.003262613899088807	41
T_NK	layer1	Cycling	BD(Uveitis)	3	3	3	0.011816838995568686	0.008168394560128482	0.012862426658346172	154
T_NK	layer1	Cycling	BP	17	17	14	0.00400962309542903	0.0006550014035744362	0.0054575986565911	275
T_NK	layer1	Cycling	CD	33	33	17	0.0009796718099436689	0.0	0.005172413793103448	296
T_NK	layer1	Cycling	CI	19	19	14	0.002457606291472106	0.0004587997797761057	0.0034924845269672855	131
T_NK	layer1	Cycling	DLE	10	10	10	0.009176383891901051	0.0076035847299813775	0.025923405296784507	578
T_NK	layer1	Cycling	Gout	22	22	20	0.0012754568306655796	0.0009299254397386883	0.0017852376415605946	292
T_NK	layer1	Cycling	JIA	12	12	0	0.0	0.0	0.0	0
T_NK	layer1	Cycling	LS	6	6	5	0.009700897582163819	0.007334244702665756	0.015575791559768331	59
T_NK	layer1	Cycling	Lyme	6	6	6	0.012623845845042152	0.009464011180992313	0.019049332994463524	344
T_NK	layer1	Cycling	PN	13	13	6	0.0	0.0	0.013008130081300813	144
T_NK	layer1	Cycling	PSO	37	37	20	0.0015822784810126582	0.0	0.005405405405405406	118
T_NK	layer1	Cycling	PsA	4	4	0	0.0	0.0	0.0	0
T_NK	layer1	Cycling	RA	85	85	72	0.004719004719004719	0.0030211480362537764	0.009589770911028236	1326
T_NK	layer1	Cycling	SLE	214	214	208	0.00162869894667651	0.0008761094212567088	0.0032336360789226434	2342
T_NK	layer1	Cycling	SSc	25	25	6	0.0	0.0	0.0	42
T_NK	layer1	Cycling	T1D	55	55	46	0.0008038585209003215	0.0005343371963214532	0.0013802318053140034	172
T_NK	layer1	Cycling	UC	38	37	22	0.0018609372356623245	0.0	0.004801670146137787	454
T_NK	layer1	Cycling	VKHD(Uveitis)	3	3	3	0.014517084732372112	0.013489660190959471	0.021632258998629587	494
T_NK	layer1	Cycling	pSS	5	5	5	0.001851851851851852	0.0018380241240666284	0.003448751551938198	78
T_NK	layer1	NK	AD	5	5	5	0.01152197213290461	0.006584362139917695	0.011667810569663692	93
T_NK	layer1	NK	AIH	1	1	0	0.0	0.0	0.0	0
T_NK	layer1	NK	AP	1	1	1	0.007570543702684102	0.007570543702684102	0.007570543702684102	22
T_NK	layer1	NK	AS	7	7	7	0.033854391570947405	0.01735442544141151	0.05598832975275826	2529
T_NK	layer1	NK	BD	4	4	4	0.09418144244130851	0.05823775273233216	0.1373256299332119	1882
T_NK	layer1	NK	BD(Uveitis)	3	3	3	0.029049729197439686	0.024967507990241042	0.03180660516605666	444
T_NK	layer1	NK	BP	17	17	13	0.006550014035744362	0.001682085786375105	0.150476758045292	5240
T_NK	layer1	NK	CD	33	33	22	0.0056022408963585435	0.0	0.020960108181203516	1713
T_NK	layer1	NK	CI	19	19	14	0.025423728813559324	0.006244218316373728	0.06410958373353073	2139
T_NK	layer1	NK	DLE	10	10	10	0.08432269700742608	0.05051094040968343	0.11078787495078112	3637
T_NK	layer1	NK	Gout	22	22	21	0.11257274121565508	0.05709443248957946	0.16006682609273282	20604
T_NK	layer1	NK	JIA	12	12	12	0.012550908284441218	0.007999857405823027	0.015136313393264333	510
T_NK	layer1	NK	LS	6	6	5	0.01476699770817418	0.008820915926179083	0.02020452562248228	66
T_NK	layer1	NK	Lyme	6	6	6	0.059527900441589725	0.04781411600279525	0.07740694228728523	1764
T_NK	layer1	NK	PN	13	13	6	0.0	0.0	0.018157058556513846	140
T_NK	layer1	NK	PSO	37	37	31	0.043235704323570434	0.00922266139657444	0.06140350877192982	1127
T_NK	layer1	NK	PsA	4	4	4	0.001282609835034526	0.0010853293413173653	0.0020972928142594925	50
T_NK	layer1	NK	RA	85	85	77	0.0432	0.02415270744059213	0.06463382851185823	9305
T_NK	layer1	NK	SLE	214	214	213	0.06213248219714465	0.03946682185347765	0.09030308597807768	61804
T_NK	layer1	NK	SSc	25	25	18	0.010084033613445379	0.0	0.025050100200400802	589
T_NK	layer1	NK	T1D	55	55	54	0.04941176470588235	0.03342978298827638	0.07357026042831455	9588
T_NK	layer1	NK	UC	38	37	17	0.0	0.0	0.020475926950747094	3780
T_NK	layer1	NK	VKHD(Uveitis)	3	3	3	0.03071301599841991	0.024359825010740518	0.03495620588440633	944
T_NK	layer1	NK	pSS	5	5	5	0.11853496115427303	0.11060845962451935	0.1890867317633544	5030
T_NK	layer2	CD4_Te	AD	5	5	4	0.002411575562700965	0.0016460905349794238	0.002745367192862045	20
T_NK	layer2	CD4_Te	AIH	1	1	0	0.0	0.0	0.0	0
T_NK	layer2	CD4_Te	AP	1	1	1	0.005849965588437715	0.005849965588437715	0.005849965588437715	17
T_NK	layer2	CD4_Te	AS	7	7	7	0.0054869684499314125	0.0025392202253033034	0.01391335222262718	553
T_NK	layer2	CD4_Te	BD	4	4	4	0.008163195350174905	0.006904281434634268	0.008905843419919308	142
T_NK	layer2	CD4_Te	BD(Uveitis)	3	3	2	0.000550812448361333	0.0002754062241806665	0.00128849849350735	17
T_NK	layer2	CD4_Te	BP	17	17	13	0.0025112107623318385	0.0006939625260235947	0.01907032181168057	944
T_NK	layer2	CD4_Te	CD	33	33	23	0.0028960324355632784	0.0	0.006105834464043419	505
T_NK	layer2	CD4_Te	CI	19	19	14	0.005072463768115942	0.00023126734505087883	0.009263620559950336	461
T_NK	layer2	CD4_Te	DLE	10	10	10	0.010442809614452844	0.007784834809267904	0.015090846945285258	594
T_NK	layer2	CD4_Te	Gout	22	22	19	0.007420259413692809	0.0040345539304651075	0.016163194188565905	1767
T_NK	layer2	CD4_Te	JIA	12	12	12	0.0158332915605124	0.011897150164413593	0.022723323702809158	642
T_NK	layer2	CD4_Te	LS	6	6	5	0.014580355658966263	0.01226754754369495	0.026647300068352697	55
T_NK	layer2	CD4_Te	Lyme	6	6	6	0.013716572537069496	0.008457280297355407	0.01594656952034001	258
T_NK	layer2	CD4_Te	PN	13	13	9	0.0030911901081916537	0.0	0.004878048780487805	41
T_NK	layer2	CD4_Te	PSO	37	37	23	0.003875968992248062	0.0	0.014492753623188406	168
T_NK	layer2	CD4_Te	PsA	4	4	4	0.007090004517326257	0.005376773243055253	0.00973811403451303	135
T_NK	layer2	CD4_Te	RA	85	85	72	0.008012820512820512	0.003883495145631068	0.014804845222072678	2361
T_NK	layer2	CD4_Te	SLE	214	214	209	0.010904267378999383	0.005130469638104502	0.01978611729411854	14142
T_NK	layer2	CD4_Te	SSc	25	25	15	0.002457002457002457	0.0	0.00688360450563204	90
T_NK	layer2	CD4_Te	T1D	55	55	54	0.02903225806451613	0.016711301871434617	0.04839020363236103	4263
T_NK	layer2	CD4_Te	UC	38	37	23	0.007874015748031496	0.0	0.01607170452789368	1972
T_NK	layer2	CD4_Te	VKHD(Uveitis)	3	3	3	0.016900963512873162	0.012000330699034768	0.02104183075900423	456
T_NK	layer2	CD4_Te	pSS	5	5	5	0.007007466973004021	0.005881022393123728	0.008966754035039316	219
T_NK	layer2	CD4_Tem	AD	5	5	5	0.02304394426580922	0.015637860082304528	0.025109170305676855	200
T_NK	layer2	CD4_Tem	AIH	1	1	0	0.0	0.0	0.0	0
T_NK	layer2	CD4_Tem	AP	1	1	1	0.020302821748107363	0.020302821748107363	0.020302821748107363	59
T_NK	layer2	CD4_Tem	AS	7	7	7	0.01673525377229081	0.007664846115652776	0.03332261325890645	1328
T_NK	layer2	CD4_Tem	BD	4	4	4	0.025399338138628224	0.024315516496008854	0.02796573315118397	527
T_NK	layer2	CD4_Tem	BD(Uveitis)	3	3	3	0.013081795648581657	0.009495107573183	0.019477306801846936	273
T_NK	layer2	CD4_Tem	BP	17	17	14	0.018365472910927456	0.005800837898807605	0.036523929471032744	2313
T_NK	layer2	CD4_Tem	CD	33	33	23	0.016164584864070537	0.0	0.03595847049886047	2227
T_NK	layer2	CD4_Tem	CI	19	19	14	0.02682701202590194	0.007758620689655172	0.04004740154964205	1823
T_NK	layer2	CD4_Tem	DLE	10	10	10	0.04073004440443671	0.0293474517067088	0.0512781055901987	2259
T_NK	layer2	CD4_Tem	Gout	22	22	21	0.02090905143570908	0.01371052047507266	0.03697989862776163	4444
T_NK	layer2	CD4_Tem	JIA	12	12	12	0.03529936055442432	0.031141361726746124	0.03985746262769692	1329
T_NK	layer2	CD4_Tem	LS	6	6	5	0.061713928330882045	0.04594536083278506	0.06873547505126452	197
T_NK	layer2	CD4_Tem	Lyme	6	6	6	0.03652070632939789	0.03216069798833483	0.058411830860679505	858
T_NK	layer2	CD4_Tem	PN	13	13	9	0.00975609756097561	0.0	0.017249205628688154	182
T_NK	layer2	CD4_Tem	PSO	37	37	25	0.019801980198019802	0.0	0.04520222045995242	640
T_NK	layer2	CD4_Tem	PsA	4	4	4	0.0362881181486149	0.033715801438698095	0.0435788838097487	703
T_NK	layer2	CD4_Tem	RA	85	85	77	0.04105048444671086	0.022091573133796543	0.056640625	7679
T_NK	layer2	CD4_Tem	SLE	214	214	212	0.025044629537680378	0.015744301374630242	0.03564039677756748	25310
T_NK	layer2	CD4_Tem	SSc	25	25	18	0.005926724137931034	0.0	0.024830699774266364	248
T_NK	layer2	CD4_Tem	T1D	55	55	54	0.05555555555555555	0.03773008048917452	0.07104571154482864	6782
T_NK	layer2	CD4_Tem	UC	38	37	23	0.01732488822652757	0.0	0.05511811023622047	6102
T_NK	layer2	CD4_Tem	VKHD(Uveitis)	3	3	3	0.06839361870162691	0.0642949966619917	0.07246463475077396	2005
T_NK	layer2	CD4_Tem	pSS	5	5	5	0.024655055417326398	0.02000275900124155	0.025502584721424467	619
T_NK	layer2	CD4_Temra	AD	5	5	5	0.01420150053590568	0.013100436681222707	0.015785861358956762	154
T_NK	layer2	CD4_Temra	AIH	1	1	0	0.0	0.0	0.0	0
T_NK	layer2	CD4_Temra	AP	1	1	1	0.0034411562284927736	0.0034411562284927736	0.0034411562284927736	10
T_NK	layer2	CD4_Temra	AS	7	7	7	0.012071330589849109	0.0019517821687860372	0.013325997076470288	507
T_NK	layer2	CD4_Temra	BD	4	4	4	0.010320457190440838	0.007727004850627862	0.0145179283984785	252
T_NK	layer2	CD4_Temra	BD(Uveitis)	3	3	3	0.009354997538158542	0.008464334351563435	0.015509793033418423	213
T_NK	layer2	CD4_Temra	BP	17	17	14	0.005887300252312868	0.003544956493715759	0.012164311780668102	967
T_NK	layer2	CD4_Temra	CD	33	33	22	0.003428851334802841	0.0	0.010446343779677113	1011
T_NK	layer2	CD4_Temra	CI	19	19	14	0.0034868783262984033	0.0002947244326554671	0.0065129533130510765	374
T_NK	layer2	CD4_Temra	DLE	10	10	10	0.01723086813868937	0.012652526741530293	0.02092346601956551	881
T_NK	layer2	CD4_Temra	Gout	22	22	20	0.009863772566043729	0.005570490597317259	0.01516163774142753	1883
T_NK	layer2	CD4_Temra	JIA	12	12	12	0.011429330454323944	0.00948777121654336	0.011872790181482603	439
T_NK	layer2	CD4_Temra	LS	6	6	5	0.023240732993054975	0.01386523153577902	0.03462566844919786	71
T_NK	layer2	CD4_Temra	Lyme	6	6	6	0.020637787463949175	0.0120891009142063	0.030055111983387107	405
T_NK	layer2	CD4_Temra	PN	13	13	8	0.004996431120628123	0.0	0.0061823802163833074	80
T_NK	layer2	CD4_Temra	PSO	37	37	26	0.010810810810810811	0.0	0.027522935779816515	442
T_NK	layer2	CD4_Temra	PsA	4	4	4	0.02445355752275988	0.015934765063342904	0.03471182634730539	408
T_NK	layer2	CD4_Temra	RA	85	85	77	0.012001477104874446	0.006375579598145286	0.021834061135371178	2524
T_NK	layer2	CD4_Temra	SLE	214	214	209	0.010088704318138478	0.006137767249066216	0.014916698700027957	10550
T_NK	layer2	CD4_Temra	SSc	25	25	15	0.0021551724137931034	0.0	0.00944386149003148	165
T_NK	layer2	CD4_Temra	T1D	55	55	54	0.016720604099244876	0.00792323954441838	0.02360252092234367	2083
T_NK	layer2	CD4_Temra	UC	38	37	19	0.0002931691586045148	0.0	0.02085955763351915	2310
T_NK	layer2	CD4_Temra	VKHD(Uveitis)	3	3	3	0.033328068235665774	0.028218448496659672	0.04891478940484195	1299
T_NK	layer2	CD4_Temra	pSS	5	5	5	0.010404885772449673	0.010208304593737068	0.010416666666666666	301
T_NK	layer2	CD4_Tfh	AD	5	5	5	0.004307250538406317	0.0032921810699588477	0.00964630225080386	73
T_NK	layer2	CD4_Tfh	AIH	1	1	0	0.0	0.0	0.0	0
T_NK	layer2	CD4_Tfh	AP	1	1	1	0.007914659325533379	0.007914659325533379	0.007914659325533379	23
T_NK	layer2	CD4_Tfh	AS	7	7	7	0.009876543209876543	0.0017339194511764738	0.01333712903666822	497
T_NK	layer2	CD4_Tfh	BD	4	4	4	0.011877595962838855	0.009489905889496053	0.012843138650011153	216
T_NK	layer2	CD4_Tfh	BD(Uveitis)	3	3	3	0.010740842743045993	0.005862789663005025	0.011760695685737461	162
T_NK	layer2	CD4_Tfh	BP	17	17	14	0.005201793721973094	0.0022558814050918467	0.01616288832913518	909
T_NK	layer2	CD4_Tfh	CD	33	33	20	0.004606525911708253	0.0	0.010854816824966078	838
T_NK	layer2	CD4_Tfh	CI	19	19	14	0.00847457627118644	0.0024271844660194173	0.01638276249878505	1021
T_NK	layer2	CD4_Tfh	DLE	10	10	10	0.021895153904736196	0.01733481093411876	0.0299016361511492	1174
T_NK	layer2	CD4_Tfh	Gout	22	22	19	0.007675876429764591	0.002579804898376109	0.010515587192720471	1614
T_NK	layer2	CD4_Tfh	JIA	12	12	12	0.017761525534898612	0.015127585779759692	0.021418099032837607	696
T_NK	layer2	CD4_Tfh	LS	6	6	5	0.015110771581359816	0.007739938080495355	0.021990818569765938	80
T_NK	layer2	CD4_Tfh	Lyme	6	6	6	0.016949051490944174	0.014102135482389769	0.021826656358402783	424
T_NK	layer2	CD4_Tfh	PN	13	13	8	0.00463678516228748	0.0	0.005681818181818182	52
T_NK	layer2	CD4_Tfh	PSO	37	37	24	0.006289308176100629	0.0	0.017964071856287425	305
T_NK	layer2	CD4_Tfh	PsA	4	4	4	0.01660498120775166	0.015195645464322106	0.01802868551736789	298
T_NK	layer2	CD4_Tfh	RA	85	85	71	0.014802872636670086	0.004878048780487805	0.03179824561403509	3678
T_NK	layer2	CD4_Tfh	SLE	214	214	213	0.0073053636031840015	0.004626099708933725	0.011124065555083327	8201
T_NK	layer2	CD4_Tfh	SSc	25	25	15	0.0012285012285012285	0.0	0.0033613445378151263	96
T_NK	layer2	CD4_Tfh	T1D	55	55	54	0.01059190031152648	0.005626729185879843	0.017084888780897263	2019
T_NK	layer2	CD4_Tfh	UC	38	37	19	0.0033112582781456954	0.0	0.020291459140380004	2254
T_NK	layer2	CD4_Tfh	VKHD(Uveitis)	3	3	3	0.04773413897280967	0.04628460849489782	0.049455444150754854	1410
T_NK	layer2	CD4_Tfh	pSS	5	5	5	0.007696726019529006	0.007587253414264037	0.011111111111111112	239
T_NK	layer2	CD4_Th1	AD	5	5	5	0.010699588477366255	0.006550218340611353	0.010986066452304395	101
T_NK	layer2	CD4_Th1	AIH	1	1	0	0.0	0.0	0.0	0
T_NK	layer2	CD4_Th1	AP	1	1	1	0.0027529249827942187	0.0027529249827942187	0.0027529249827942187	8
T_NK	layer2	CD4_Th1	AS	7	7	7	0.027048528241845664	0.008155581508559617	0.03644576888510477	1433
T_NK	layer2	CD4_Th1	BD	4	4	4	0.022042349726775955	0.01563390402712844	0.027409530047486492	415
T_NK	layer2	CD4_Th1	BD(Uveitis)	3	3	3	0.02877995042687965	0.01931365812826011	0.04782202010122037	658
T_NK	layer2	CD4_Th1	BP	17	17	14	0.010959636460839348	0.004189494038027715	0.01734906315058987	1938
T_NK	layer2	CD4_Th1	CD	33	33	22	0.012633624878522837	0.0	0.0270961145194274	1541
T_NK	layer2	CD4_Th1	CI	19	19	14	0.008818043072748855	0.0015599192512387595	0.01837487053574662	732
T_NK	layer2	CD4_Th1	DLE	10	10	10	0.02634416683137028	0.021913573376370416	0.033024747891036016	1567
T_NK	layer2	CD4_Th1	Gout	22	22	21	0.017780497946351607	0.00895169706263131	0.023925452322783265	2824
T_NK	layer2	CD4_Th1	JIA	12	12	12	0.020618955390446066	0.011841244852053779	0.022986018068218962	714
T_NK	layer2	CD4_Th1	LS	6	6	5	0.020876001704443925	0.017071630380588336	0.03444421865474497	98
T_NK	layer2	CD4_Th1	Lyme	6	6	6	0.033962913972314726	0.02190327450921771	0.043236852669610595	710
T_NK	layer2	CD4_Th1	PN	13	13	9	0.0055762081784386614	0.0	0.015887426236949616	123
T_NK	layer2	CD4_Th1	PSO	37	37	26	0.017064846416382253	0.0	0.042095416276894296	556
T_NK	layer2	CD4_Th1	PsA	4	4	4	0.028974199051532597	0.023214648383757648	0.03438569977490369	510
T_NK	layer2	CD4_Th1	RA	85	85	77	0.031055900621118012	0.015076300790586505	0.05078125	7082
T_NK	layer2	CD4_Th1	SLE	214	214	212	0.015627427238742435	0.010087380848519517	0.021075876487976323	15934
T_NK	layer2	CD4_Th1	SSc	25	25	17	0.0066945606694560665	0.0	0.022058823529411766	297
T_NK	layer2	CD4_Th1	T1D	55	55	54	0.014680181754631249	0.009861257824382581	0.02599091334320957	2416
T_NK	layer2	CD4_Th1	UC	38	37	20	0.008185798591281173	0.0	0.033881707794751276	3966
T_NK	layer2	CD4_Th1	VKHD(Uveitis)	3	3	3	0.0796082767335334	0.0673075948155125	0.0970171293033226	2576
T_NK	layer2	CD4_Th1	pSS	5	5	5	0.02199074074074074	0.020830459373706717	0.022166930558697128	700
T_NK	layer2	CD4_Th17	AD	5	5	5	0.008733624454148471	0.006966773847802787	0.009608785175017159	66
T_NK	layer2	CD4_Th17	AIH	1	1	0	0.0	0.0	0.0	0
T_NK	layer2	CD4_Th17	AP	1	1	1	0.0041293874741913286	0.0041293874741913286	0.0041293874741913286	12
T_NK	layer2	CD4_Th17	AS	7	7	7	0.019204389574759947	0.0025631779378463056	0.024639961510594527	911
T_NK	layer2	CD4_Th17	BD	4	4	4	0.018737856709168187	0.015305207476372977	0.0251347269981624	447
T_NK	layer2	CD4_Th17	BD(Uveitis)	3	3	3	0.02933076287524098	0.022050905809850918	0.04568159091392972	641
T_NK	layer2	CD4_Th17	BP	17	17	14	0.005919282511210763	0.003544956493715759	0.01910159529806885	1358
T_NK	layer2	CD4_Th17	CD	33	33	23	0.010818120351588911	0.0	0.025456088247772592	1894
T_NK	layer2	CD4_Th17	CI	19	19	14	0.007971014492753623	0.0013763993393283171	0.012597392940507057	710
T_NK	layer2	CD4_Th17	DLE	10	10	10	0.015287308320095207	0.009193618909849035	0.023870340040865325	884
T_NK	layer2	CD4_Th17	Gout	22	22	21	0.012337364254018948	0.008855897570992408	0.022407051336610823	2695
T_NK	layer2	CD4_Th17	JIA	12	12	12	0.01270449484698603	0.010833256519200925	0.02326888876589532	622
T_NK	layer2	CD4_Th17	LS	6	6	5	0.019504886530769337	0.015848765151180236	0.02336637047163363	70
T_NK	layer2	CD4_Th17	Lyme	6	6	6	0.013817243472981178	0.011925198337740838	0.016836644098475215	365
T_NK	layer2	CD4_Th17	PN	13	13	9	0.0030745580322828594	0.0	0.011286681715575621	124
T_NK	layer2	CD4_Th17	PSO	37	37	29	0.010810810810810811	0.001201923076923077	0.03058103975535168	441
T_NK	layer2	CD4_Th17	PsA	4	4	4	0.03095435789372819	0.021758617908216336	0.041111526946107785	514
T_NK	layer2	CD4_Th17	RA	85	85	74	0.013801756587202008	0.0064516129032258064	0.02798441374424371	2907
T_NK	layer2	CD4_Th17	SLE	214	214	212	0.014020914917227812	0.008266033561333066	0.021226161172829053	15538
T_NK	layer2	CD4_Th17	SSc	25	25	18	0.004914004914004914	0.0	0.013026052104208416	168
T_NK	layer2	CD4_Th17	T1D	55	55	54	0.01891891891891892	0.011027420573599189	0.028756486999911436	2683
T_NK	layer2	CD4_Th17	UC	38	37	22	0.003912071535022355	0.0	0.03424657534246575	3695
T_NK	layer2	CD4_Th17	VKHD(Uveitis)	3	3	3	0.030515504641516887	0.029078633698107995	0.0408619819280092	1162
T_NK	layer2	CD4_Th17	pSS	5	5	5	0.01538113548970821	0.013888888888888888	0.01642734060884549	411
T_NK	layer2	CD4_Th2	AD	5	5	5	0.0026795284030010718	0.002059025394646534	0.003230437903804738	29
T_NK	layer2	CD4_Th2	AIH	1	1	0	0.0	0.0	0.0	0
T_NK	layer2	CD4_Th2	AP	1	1	1	0.01169993117687543	0.01169993117687543	0.01169993117687543	34
T_NK	layer2	CD4_Th2	AS	7	7	7	0.0024691358024691358	0.0007357766590205098	0.0032592775633681096	160
T_NK	layer2	CD4_Th2	BD	4	4	4	0.0026384764331721412	0.0021709052994242713	0.0034515535115575515	62
T_NK	layer2	CD4_Th2	BD(Uveitis)	3	3	3	0.0015147342329936656	0.0012497354079788613	0.00286148182971379	40
T_NK	layer2	CD4_Th2	BP	17	17	14	0.0023318385650224214	0.0006445375443119562	0.007484629778134189	342
T_NK	layer2	CD4_Th2	CD	33	33	19	0.0011331444759206798	0.0	0.0032019704433497538	254
T_NK	layer2	CD4_Th2	CI	19	19	12	0.0005894488653109342	0.0	0.001655843979379146	56
T_NK	layer2	CD4_Th2	DLE	10	10	10	0.007701218583188351	0.00647624266280177	0.009537337662337662	361
T_NK	layer2	CD4_Th2	Gout	22	22	19	0.0032528514405459953	0.0016659431415109323	0.005145108245756839	602
T_NK	layer2	CD4_Th2	JIA	12	12	12	0.005853961276267806	0.0034582350450613926	0.007764901091493609	248
T_NK	layer2	CD4_Th2	LS	6	6	3	0.0009140767824497258	0.0	0.0020573228862462	9
T_NK	layer2	CD4_Th2	Lyme	6	6	5	0.002665081049914167	0.002349518194284769	0.004177120207123301	81
T_NK	layer2	CD4_Th2	PN	13	13	7	0.0015372790161414297	0.0	0.003229974160206718	33
T_NK	layer2	CD4_Th2	PSO	37	37	19	0.0007911392405063291	0.0	0.003875968992248062	54
T_NK	layer2	CD4_Th2	PsA	4	4	4	0.011413093230598383	0.005211972685688453	0.015999251497005988	148
T_NK	layer2	CD4_Th2	RA	85	85	73	0.0042941492216854536	0.002325581395348837	0.0070921985815602835	855
T_NK	layer2	CD4_Th2	SLE	214	214	209	0.0025679367903351054	0.0016372814704371885	0.0037803693270348697	2723
T_NK	layer2	CD4_Th2	SSc	25	25	12	0.0	0.0	0.0012515644555694619	24
T_NK	layer2	CD4_Th2	T1D	55	55	54	0.004352030947775629	0.0031229475856496443	0.007045430971890883	681
T_NK	layer2	CD4_Th2	UC	38	37	17	0.0	0.0	0.004508566275924256	549
T_NK	layer2	CD4_Th2	VKHD(Uveitis)	3	3	3	0.00823262839879154	0.00717774023139261	0.008775925635187904	230
T_NK	layer2	CD4_Th2	pSS	5	5	5	0.001130965844831486	0.0009656504345426955	0.0023148148148148147	47
T_NK	layer2	CD4_Tn	AD	5	5	5	0.009876543209876543	0.007641921397379912	0.011844938980617373	119
T_NK	layer2	CD4_Tn	AIH	1	1	0	0.0	0.0	0.0	0
T_NK	layer2	CD4_Tn	AP	1	1	1	0.01686166551961459	0.01686166551961459	0.01686166551961459	49
T_NK	layer2	CD4_Tn	AS	7	7	7	0.03247257967009241	0.015850019561346223	0.07092814909417719	2547
T_NK	layer2	CD4_Tn	BD	4	4	4	0.07188944291724356	0.046557225258044926	0.08692469002903946	1311
T_NK	layer2	CD4_Tn	BD(Uveitis)	3	3	3	0.007877892663712457	0.007450375690159727	0.008225105932853735	122
T_NK	layer2	CD4_Tn	BP	17	17	12	0.013903921405378402	0.0	0.034004163775156145	3064
T_NK	layer2	CD4_Tn	CD	33	33	21	0.002054794520547945	0.0	0.012859884836852208	3555
T_NK	layer2	CD4_Tn	CI	19	19	13	0.012083701738874153	0.0	0.032996604758499165	1716
T_NK	layer2	CD4_Tn	DLE	10	10	10	0.025499961692725965	0.023255189798179598	0.03430595102693545	1363
T_NK	layer2	CD4_Tn	Gout	22	22	19	0.03277901805003041	0.010184448900913603	0.08535269002586077	10841
T_NK	layer2	CD4_Tn	JIA	12	12	12	0.16380469160726685	0.12794375615721407	0.22888969535676124	6565
T_NK	layer2	CD4_Tn	LS	6	6	5	0.021200436298833975	0.01547987616099071	0.0282167192953299	101
T_NK	layer2	CD4_Tn	Lyme	6	6	5	0.02455742827560404	0.018809681279464585	0.02931330825769008	633
T_NK	layer2	CD4_Tn	PN	13	13	8	0.007686395080707148	0.0	0.013163867453472538	109
T_NK	layer2	CD4_Tn	PSO	37	37	27	0.02794022092267706	0.0	0.04892966360856269	677
T_NK	layer2	CD4_Tn	PsA	4	4	4	0.07841259187582829	0.037088323353293415	0.13436054126832123	1916
T_NK	layer2	CD4_Tn	RA	85	85	74	0.014931927975406236	0.006899270648531441	0.029585798816568046	4636
T_NK	layer2	CD4_Tn	SLE	214	214	213	0.04956707878431882	0.02763814127292779	0.0783017427169274	57833
T_NK	layer2	CD4_Tn	SSc	25	25	18	0.0045377197958026095	0.0	0.009159482758620689	195
T_NK	layer2	CD4_Tn	T1D	55	55	54	0.12114152591729761	0.0715098643383921	0.16798344307623325	20357
T_NK	layer2	CD4_Tn	UC	38	37	23	0.007874015748031496	0.0	0.044125609095831075	7680
T_NK	layer2	CD4_Tn	VKHD(Uveitis)	3	3	3	0.039014373716632446	0.03691655241722861	0.09974617560016888	2333
T_NK	layer2	CD4_Tn	pSS	5	5	5	0.049662022347910055	0.04097222222222222	0.05134584935534947	1380
T_NK	layer2	CD4_Treg	AD	5	5	5	0.036026200873362446	0.02608098833218943	0.03868312757201646	366
T_NK	layer2	CD4_Treg	AIH	1	1	0	0.0	0.0	0.0	0
T_NK	layer2	CD4_Treg	AP	1	1	1	0.04301445285615967	0.04301445285615967	0.04301445285615967	125
T_NK	layer2	CD4_Treg	AS	7	7	7	0.012894375857338821	0.007789440804119434	0.02296476094032818	1048
T_NK	layer2	CD4_Treg	BD	4	4	4	0.018452572051554737	0.015103673345476624	0.020643545871773847	353
T_NK	layer2	CD4_Treg	BD(Uveitis)	3	3	3	0.008728179551122194	0.006333562941489211	0.01228201872075526	179
T_NK	layer2	CD4_Treg	BP	17	17	14	0.0077473182359952325	0.003222687721559781	0.02225020990764064	2767
T_NK	layer2	CD4_Treg	CD	33	33	23	0.003887269193391642	0.0	0.01212733703890854	1037
T_NK	layer2	CD4_Treg	CI	19	19	14	0.015217391304347827	0.005172413793103448	0.021608243150970347	1274
T_NK	layer2	CD4_Treg	DLE	10	10	10	0.059625060123375345	0.046948755419217024	0.09373880861925837	3111
T_NK	layer2	CD4_Treg	Gout	22	22	21	0.013720152605531097	0.007760966132108972	0.01548475040906897	2472
T_NK	layer2	CD4_Treg	JIA	12	12	12	0.0321439226199778	0.02193119370068289	0.03481437149981478	1230
T_NK	layer2	CD4_Treg	LS	6	6	5	0.052269983384534466	0.04538920831490491	0.07422387989837234	242
T_NK	layer2	CD4_Treg	Lyme	6	6	6	0.04623124730511322	0.040168647899825466	0.04633997204751922	1021
T_NK	layer2	CD4_Treg	PN	13	13	9	0.011363636363636364	0.0	0.024163568773234202	188
T_NK	layer2	CD4_Treg	PSO	37	37	31	0.05352591333899745	0.02178217821782178	0.0688622754491018	1490
T_NK	layer2	CD4_Treg	PsA	4	4	4	0.018071333572817372	0.014165951466869324	0.033543593802536374	473
T_NK	layer2	CD4_Treg	RA	85	85	76	0.025280166796976804	0.014358561460010735	0.04172274562584118	5677
T_NK	layer2	CD4_Treg	SLE	214	214	213	0.016697986427484067	0.0097841053783286	0.025076445663847938	18393
T_NK	layer2	CD4_Treg	SSc	25	25	18	0.007547169811320755	0.0	0.02938090241343127	288
T_NK	layer2	CD4_Treg	T1D	55	55	54	0.017282958199356914	0.011937385908618207	0.024516517131484304	3540
T_NK	layer2	CD4_Treg	UC	38	37	23	0.008966333953645746	0.0	0.03083952027412907	3853
T_NK	layer2	CD4_Treg	VKHD(Uveitis)	3	3	3	0.04059390301690096	0.03777670659436792	0.04288003307944746	1209
T_NK	layer2	CD4_Treg	pSS	5	5	5	0.020792647903503735	0.01509433962264151	0.04490740740740741	775
T_NK	layer2	CD8_ISGs	AD	5	5	3	0.0003589375448671931	0.0	0.0006863417982155113	8
T_NK	layer2	CD8_ISGs	AIH	1	1	0	0.0	0.0	0.0	0
T_NK	layer2	CD8_ISGs	AP	1	1	0	0.0	0.0	0.0	0
T_NK	layer2	CD8_ISGs	AS	7	7	7	0.0020229885057471263	0.0012837548446232652	0.00631748905443621	211
T_NK	layer2	CD8_ISGs	BD	4	4	4	0.002261027245115372	0.001769011839708561	0.003596260406271752	65
T_NK	layer2	CD8_ISGs	BD(Uveitis)	3	3	3	0.003938946331856229	0.0028267050861276156	0.008028410097902776	107
T_NK	layer2	CD8_ISGs	BP	17	17	10	0.0008453978653703899	0.0	0.0016792611251049538	355
T_NK	layer2	CD8_ISGs	CD	33	33	17	9.717228646390049e-05	0.0	0.0013568521031207597	192
T_NK	layer2	CD8_ISGs	CI	19	19	9	0.0	0.0	0.000817110087948136	40
T_NK	layer2	CD8_ISGs	DLE	10	10	10	0.009940181148530515	0.004465316972215361	0.014462118677575353	371
T_NK	layer2	CD8_ISGs	Gout	22	22	21	0.0022836745987825126	0.0016787770222421892	0.0032519376018799516	555
T_NK	layer2	CD8_ISGs	JIA	12	12	12	0.0017734865197833998	0.0011582458076339489	0.0023542848899732057	81
T_NK	layer2	CD8_ISGs	LS	6	6	4	0.001879513497910496	0.00022851919561243144	0.003438510280615544	8
T_NK	layer2	CD8_ISGs	Lyme	6	6	6	0.0012016881877877866	0.0008664394513856236	0.001553360769078336	31
T_NK	layer2	CD8_ISGs	PN	13	13	5	0.0	0.0	0.0007686395080707148	12
T_NK	layer2	CD8_ISGs	PSO	37	37	15	0.0	0.0	0.002894356005788712	31
T_NK	layer2	CD8_ISGs	PsA	4	4	2	0.00018712574850299402	0.0	0.00041463632956975036	6
T_NK	layer2	CD8_ISGs	RA	85	85	59	0.001763668430335097	0.0	0.00530705079605762	810
T_NK	layer2	CD8_ISGs	SLE	214	214	194	0.002690504863630888	0.0009158085593294756	0.008954355930641752	5610
T_NK	layer2	CD8_ISGs	SSc	25	25	12	0.0	0.0	0.001049317943336831	26
T_NK	layer2	CD8_ISGs	T1D	55	55	47	0.0012730008100914245	0.0005679908324512204	0.00267292761036878	473
T_NK	layer2	CD8_ISGs	UC	38	37	19	0.00017123287671232877	0.0	0.0014385901816220104	301
T_NK	layer2	CD8_ISGs	VKHD(Uveitis)	3	3	3	0.00853474320241692	0.007347453736732073	0.008908888488429474	246
T_NK	layer2	CD8_ISGs	pSS	5	5	4	0.005399195864445721	0.0024831011173955028	0.007407407407407408	147
T_NK	layer2	CD8_MemTex	AD	5	5	4	0.0003589375448671931	0.0002679528403001072	0.0008230452674897119	5
T_NK	layer2	CD8_MemTex	AIH	1	1	0	0.0	0.0	0.0	0
T_NK	layer2	CD8_MemTex	AP	1	1	1	0.00034411562284927734	0.00034411562284927734	0.00034411562284927734	1
T_NK	layer2	CD8_MemTex	AS	7	7	6	0.0008230452674897119	0.0003920891343172972	0.0014045927951461404	62
T_NK	layer2	CD8_MemTex	BD	4	4	4	0.000996516136190576	0.0005863691560412872	0.0014108756951460681	20
T_NK	layer2	CD8_MemTex	BD(Uveitis)	3	3	3	0.0023379052369077308	0.0014151367641948797	0.0026148352954023643	37
T_NK	layer2	CD8_MemTex	BP	17	17	8	0.0	0.0	0.0010692328254477412	82
T_NK	layer2	CD8_MemTex	CD	33	33	17	0.00019193857965451057	0.0	0.0008485362749257531	59
T_NK	layer2	CD8_MemTex	CI	19	19	11	0.0008401596303297626	0.0	0.0028194615137149687	136
T_NK	layer2	CD8_MemTex	DLE	10	10	10	0.002224974593226566	0.001400475683814331	0.0027121985157699444	85
T_NK	layer2	CD8_MemTex	Gout	22	22	17	0.0007451630806142276	0.00019638455805207967	0.0013672293238883868	235
T_NK	layer2	CD8_MemTex	JIA	12	12	12	0.0029259464336983715	0.0013216847144979066	0.00424831819893971	113
T_NK	layer2	CD8_MemTex	LS	6	6	3	0.0007112375533428165	0.0	0.0030978491240205856	7
T_NK	layer2	CD8_MemTex	Lyme	6	6	5	0.0020377140910222643	0.0011484523073365207	0.0029776036107825267	59
T_NK	layer2	CD8_MemTex	PN	13	13	2	0.0	0.0	0.0	3
T_NK	layer2	CD8_MemTex	PSO	37	37	10	0.0	0.0	0.0015860428231562252	28
T_NK	layer2	CD8_MemTex	PsA	4	4	2	0.0006965280754393485	0.0	0.0016602188090014736	22
T_NK	layer2	CD8_MemTex	RA	85	85	50	0.0006422607578676942	0.0	0.002091175240485153	306
T_NK	layer2	CD8_MemTex	SLE	214	214	201	0.0012018571102567139	0.0006756066668592356	0.0019906080962884707	1401
T_NK	layer2	CD8_MemTex	SSc	25	25	6	0.0	0.0	0.0	11
T_NK	layer2	CD8_MemTex	T1D	55	55	40	0.0010787486515641855	0.0	0.0018313556075796476	312
T_NK	layer2	CD8_MemTex	UC	38	37	18	0.0	0.0	0.0014757424829367274	181
T_NK	layer2	CD8_MemTex	VKHD(Uveitis)	3	3	3	0.004740272565672526	0.003465302445978257	0.005529194883373303	117
T_NK	layer2	CD8_MemTex	pSS	5	5	5	0.0011487650775416428	0.0011036004966202234	0.0024881248586292692	46
T_NK	layer2	CD8_Tem	AD	5	5	5	0.004804392587508579	0.0032921810699588477	0.00482315112540193	39
T_NK	layer2	CD8_Tem	AIH	1	1	0	0.0	0.0	0.0	0
T_NK	layer2	CD8_Tem	AP	1	1	1	0.008947006194081212	0.008947006194081212	0.008947006194081212	26
T_NK	layer2	CD8_Tem	AS	7	7	7	0.012803532008830023	0.011635896855060973	0.02918329728386862	1312
T_NK	layer2	CD8_Tem	BD	4	4	4	0.02004620479429607	0.016146679603376665	0.031033811475409838	469
T_NK	layer2	CD8_Tem	BD(Uveitis)	3	3	3	0.021343982374001653	0.014857121664598068	0.02368633033912053	339
T_NK	layer2	CD8_Tem	BP	17	17	14	0.01871157444533547	0.0049261083743842365	0.0288637194008038	1411
T_NK	layer2	CD8_Tem	CD	33	33	22	0.0075421472937000885	0.0	0.01867679645457423	1010
T_NK	layer2	CD8_Tem	CI	19	19	14	0.012548753603527217	0.0009250693802035153	0.025642079945686586	988
T_NK	layer2	CD8_Tem	DLE	10	10	10	0.04186195851007471	0.03383820949952268	0.04804196842914264	1972
T_NK	layer2	CD8_Tem	Gout	22	22	21	0.019887472349293594	0.010047100291213864	0.02744119084209504	3586
T_NK	layer2	CD8_Tem	JIA	12	12	12	0.014489821491843736	0.00797837438592875	0.016998216400069384	559
T_NK	layer2	CD8_Tem	LS	6	6	5	0.031882998171846436	0.020877487706122362	0.043834586466165414	99
T_NK	layer2	CD8_Tem	Lyme	6	6	6	0.033398963888998094	0.024460843112438648	0.04388140962595886	716
T_NK	layer2	CD8_Tem	PN	13	13	8	0.0040853381752156154	0.0	0.010819165378670788	95
T_NK	layer2	CD8_Tem	PSO	37	37	27	0.010396361273554255	0.0	0.029934518241347054	366
T_NK	layer2	CD8_Tem	PsA	4	4	4	0.012849301397205588	0.009536452259594597	0.015753774277420297	245
T_NK	layer2	CD8_Tem	RA	85	85	77	0.030428769017980636	0.017048794826572605	0.046704637917005694	7485
T_NK	layer2	CD8_Tem	SLE	214	214	212	0.020075729992821888	0.013520656000228594	0.030025912721280936	21067
T_NK	layer2	CD8_Tem	SSc	25	25	18	0.007434944237918215	0.0	0.014742014742014743	260
T_NK	layer2	CD8_Tem	T1D	55	55	54	0.017419962335216574	0.011583505531893884	0.026984386492458302	2855
T_NK	layer2	CD8_Tem	UC	38	37	23	0.0048134777376654635	0.0	0.03248511099079589	3268
T_NK	layer2	CD8_Tem	VKHD(Uveitis)	3	3	3	0.03141993957703928	0.02384454568490252	0.03244905728605074	858
T_NK	layer2	CD8_Tem	pSS	5	5	5	0.02638888888888889	0.026193118756936737	0.031214657317349015	815
T_NK	layer2	CD8_Temra	AD	5	5	5	0.008973438621679828	0.008038585209003215	0.009825327510917031	83
T_NK	layer2	CD8_Temra	AIH	1	1	0	0.0	0.0	0.0	0
T_NK	layer2	CD8_Temra	AP	1	1	1	0.00653819683413627	0.00653819683413627	0.00653819683413627	19
T_NK	layer2	CD8_Temra	AS	7	7	7	0.031824417009602195	0.016911368769974195	0.038840870263546864	1686
T_NK	layer2	CD8_Temra	BD	4	4	4	0.07190148755312689	0.03603691785219816	0.10938664192274804	1424
T_NK	layer2	CD8_Temra	BD(Uveitis)	3	3	3	0.02680798004987531	0.023989908291801268	0.0392921750979203	591
T_NK	layer2	CD8_Temra	BP	17	17	13	0.006415396952686447	0.002523128679562658	0.06764004767580453	3424
T_NK	layer2	CD8_Temra	CD	33	33	23	0.00408997955010225	0.0	0.011301369863013699	1078
T_NK	layer2	CD8_Temra	CI	19	19	14	0.013125820363772736	0.0021104789869700862	0.021679771889011927	1022
T_NK	layer2	CD8_Temra	DLE	10	10	10	0.04011429036614493	0.02608586500886926	0.055445835194184084	1846
T_NK	layer2	CD8_Temra	Gout	22	22	21	0.06896587962299619	0.04639631913673756	0.09183094231737086	12992
T_NK	layer2	CD8_Temra	JIA	12	12	12	0.019818232770743995	0.010303509143329503	0.022873160655151874	759
T_NK	layer2	CD8_Temra	LS	6	6	5	0.018686019862490452	0.009730006835269993	0.02376215568494308	125
T_NK	layer2	CD8_Temra	Lyme	6	6	6	0.028886078152721532	0.025656246127919217	0.0337518090830288	835
T_NK	layer2	CD8_Temra	PN	13	13	9	0.0065040650406504065	0.0	0.012134189864382585	116
T_NK	layer2	CD8_Temra	PSO	37	37	27	0.016216216216216217	0.0	0.029940119760479042	581
T_NK	layer2	CD8_Temra	PsA	4	4	4	0.0033308383233532934	0.0018137275776674224	0.009593671636581102	247
T_NK	layer2	CD8_Temra	RA	85	85	78	0.038535645472061654	0.022388059701492536	0.06132075471698113	9610
T_NK	layer2	CD8_Temra	SLE	214	214	213	0.041711137652585606	0.020791686612922758	0.08409498598478718	51536
T_NK	layer2	CD8_Temra	SSc	25	25	17	0.009034051424600417	0.0	0.02097902097902098	365
T_NK	layer2	CD8_Temra	T1D	55	55	54	0.029375	0.012070040016618924	0.0454602365944219	6042
T_NK	layer2	CD8_Temra	UC	38	37	21	0.0029806259314456036	0.0	0.02622229741160548	4123
T_NK	layer2	CD8_Temra	VKHD(Uveitis)	3	3	3	0.046118901836855616	0.04209277898666347	0.07532531194561815	2092
T_NK	layer2	CD8_Temra	pSS	5	5	5	0.09077114084701338	0.046392896781354054	0.09259046524985641	2323
T_NK	layer2	CD8_TerTex	AD	5	5	5	0.0034833869239013935	0.0008230452674897119	0.004366812227074236	40
T_NK	layer2	CD8_TerTex	AIH	1	1	0	0.0	0.0	0.0	0
T_NK	layer2	CD8_TerTex	AP	1	1	1	0.00034411562284927734	0.00034411562284927734	0.00034411562284927734	1
T_NK	layer2	CD8_TerTex	AS	7	7	7	0.005909762473008296	0.003520138706055226	0.009628683600586538	447
T_NK	layer2	CD8_TerTex	BD	4	4	4	0.0044705562355501155	0.0030081967213114753	0.005594759630329704	80
T_NK	layer2	CD8_TerTex	BD(Uveitis)	3	3	3	0.008728179551122194	0.00682593123297124	0.012350870276800426	182
T_NK	layer2	CD8_TerTex	BP	17	17	13	0.001682085786375105	0.0007485730326564986	0.0054785691266516275	403
T_NK	layer2	CD8_TerTex	CD	33	33	22	0.0031655587211142765	0.0	0.005143277002204262	283
T_NK	layer2	CD8_TerTex	CI	19	19	13	0.0027752081406105457	0.0	0.004395516845813437	182
T_NK	layer2	CD8_TerTex	DLE	10	10	10	0.0074977830983417575	0.0063959707552183505	0.019253388297618378	451
T_NK	layer2	CD8_TerTex	Gout	22	22	21	0.0029568752491032284	0.0019175572269447259	0.005224376848349745	726
T_NK	layer2	CD8_TerTex	JIA	12	12	12	0.003048309924371045	0.002585232065396224	0.004347083168990874	143
T_NK	layer2	CD8_TerTex	LS	6	6	4	0.003919022154316272	0.0009090909090909091	0.005849323275928287	28
T_NK	layer2	CD8_TerTex	Lyme	6	6	6	0.01210233998593475	0.007839011809420388	0.016700940020381812	254
T_NK	layer2	CD8_TerTex	PN	13	13	8	0.0014275517487508922	0.0	0.0032520325203252032	28
T_NK	layer2	CD8_TerTex	PSO	37	37	21	0.007751937984496124	0.0	0.014274385408406027	222
T_NK	layer2	CD8_TerTex	PsA	4	4	4	0.0036569595485411513	0.003175234786588769	0.005239520958083832	75
T_NK	layer2	CD8_TerTex	RA	85	85	66	0.005747126436781609	0.0017458100558659217	0.01606323304436512	1927
T_NK	layer2	CD8_TerTex	SLE	214	214	212	0.003411296227668301	0.001723442402510085	0.006528175011808881	4419
T_NK	layer2	CD8_TerTex	SSc	25	25	14	0.002506265664160401	0.0	0.0045377197958026095	92
T_NK	layer2	CD8_TerTex	T1D	55	55	47	0.001571503404924044	0.0009188712773212695	0.0028224199127357737	434
T_NK	layer2	CD8_TerTex	UC	38	37	21	0.001594896331738437	0.0	0.006622516556291391	782
T_NK	layer2	CD8_TerTex	VKHD(Uveitis)	3	3	3	0.027325856894645395	0.01845257885222098	0.029561719988108196	691
T_NK	layer2	CD8_TerTex	pSS	5	5	5	0.005655952545178645	0.005092592592592593	0.006203331418724871	198
T_NK	layer2	CD8_Tex	AD	5	5	5	0.0032921810699588477	0.003215434083601286	0.007641921397379912	40
T_NK	layer2	CD8_Tex	AIH	1	1	0	0.0	0.0	0.0	0
T_NK	layer2	CD8_Tex	AP	1	1	1	0.003785271851342051	0.003785271851342051	0.003785271851342051	11
T_NK	layer2	CD8_Tex	AS	7	7	7	0.008750994431185362	0.007497661604330701	0.01431379783359349	730
T_NK	layer2	CD8_Tex	BD	4	4	4	0.013769759565191858	0.009728300733906535	0.01727041117004397	229
T_NK	layer2	CD8_Tex	BD(Uveitis)	3	3	3	0.017456359102244388	0.011190021008532336	0.020157537854619854	288
T_NK	layer2	CD8_Tex	BP	17	17	13	0.009182736455463728	0.0006550014035744362	0.010933557611438183	722
T_NK	layer2	CD8_Tex	CD	33	33	21	0.002027222704894295	0.0	0.008856372737774355	398
T_NK	layer2	CD8_Tex	CI	19	19	14	0.006058237248387727	0.00046253469010175765	0.008259011519881086	421
T_NK	layer2	CD8_Tex	DLE	10	10	10	0.020671891626428324	0.013389905830999143	0.03188385396527245	987
T_NK	layer2	CD8_Tex	Gout	22	22	21	0.012669749213834524	0.008025069722630698	0.015803039974607778	2099
T_NK	layer2	CD8_Tex	JIA	12	12	12	0.004663916222003109	0.0035160575858250278	0.008223811843968292	221
T_NK	layer2	CD8_Tex	LS	6	6	4	0.015499418314774804	0.0036363636363636364	0.023850187626286923	71
T_NK	layer2	CD8_Tex	Lyme	6	6	6	0.02259176265544941	0.014085787767352878	0.024010277927798265	434
T_NK	layer2	CD8_Tex	PN	13	13	8	0.0015372790161414297	0.0	0.003762227238525207	38
T_NK	layer2	CD8_Tex	PSO	37	37	25	0.01257445400397088	0.0	0.023386342376052385	315
T_NK	layer2	CD8_Tex	PsA	4	4	4	0.004378742514970059	0.002138310905541215	0.00739708164040543	126
T_NK	layer2	CD8_Tex	RA	85	85	72	0.01313755795981453	0.004142502071251036	0.025806451612903226	4192
T_NK	layer2	CD8_Tex	SLE	214	214	212	0.009081817624972784	0.004221324752343264	0.0171094578835001	10964
T_NK	layer2	CD8_Tex	SSc	25	25	17	0.0016806722689075631	0.0	0.006772009029345372	117
T_NK	layer2	CD8_Tex	T1D	55	55	52	0.005554912625853489	0.0025657894736842105	0.009644151306016912	1243
T_NK	layer2	CD8_Tex	UC	38	37	18	0.0	0.0	0.01530136219443926	1684
T_NK	layer2	CD8_Tex	VKHD(Uveitis)	3	3	3	0.016900963512873162	0.01383266623204393	0.024235980245862564	634
T_NK	layer2	CD8_Tex	pSS	5	5	5	0.014351851851851852	0.014014933946008041	0.019000226193168965	527
T_NK	layer2	CD8_Tm	AD	5	5	5	0.007234726688102894	0.006584362139917695	0.008733624454148471	62
T_NK	layer2	CD8_Tm	AIH	1	1	0	0.0	0.0	0.0	0
T_NK	layer2	CD8_Tm	AP	1	1	1	0.0041293874741913286	0.0041293874741913286	0.0041293874741913286	12
T_NK	layer2	CD8_Tm	AS	7	7	7	0.012894375857338821	0.006234068263808084	0.017005662869213192	734
T_NK	layer2	CD8_Tm	BD	4	4	4	0.01446280619046025	0.010336506089938894	0.019148193481118816	262
T_NK	layer2	CD8_Tm	BD(Uveitis)	3	3	3	0.00997506234413965	0.008434109212444025	0.014489045906302818	216
T_NK	layer2	CD8_Tm	BP	17	17	14	0.0045442395081529	0.0027548209366391185	0.011544920235096557	967
T_NK	layer2	CD8_Tm	CD	33	33	22	0.006583945302608255	0.0	0.015664477008590198	958
T_NK	layer2	CD8_Tm	CI	19	19	14	0.013763993393283172	0.0013876040703052729	0.03292359343694157	1076
T_NK	layer2	CD8_Tm	DLE	10	10	10	0.024274118738404453	0.018028162107053918	0.03727552492337251	1571
T_NK	layer2	CD8_Tm	Gout	22	22	21	0.009956184301011887	0.007181852190803087	0.021066575410915403	2627
T_NK	layer2	CD8_Tm	JIA	12	12	12	0.027836390985345606	0.01828421033214557	0.033467753488238834	979
T_NK	layer2	CD8_Tm	LS	6	6	5	0.015342410079252184	0.013357204711962722	0.02709362472520367	66
T_NK	layer2	CD8_Tm	Lyme	6	6	6	0.019905387165677295	0.013213550806502512	0.03880601092896175	525
T_NK	layer2	CD8_Tm	PN	13	13	7	0.0016260162601626016	0.0	0.0040853381752156154	55
T_NK	layer2	CD8_Tm	PSO	37	37	24	0.004746835443037975	0.0	0.01639344262295082	271
T_NK	layer2	CD8_Tm	PsA	4	4	4	0.02305372842935573	0.020983216029923625	0.028255988023952096	414
T_NK	layer2	CD8_Tm	RA	85	85	76	0.017127799736495388	0.009345794392523364	0.02830188679245283	4160
T_NK	layer2	CD8_Tm	SLE	214	214	209	0.018090107089064337	0.010917838515581252	0.03008600183932822	22229
T_NK	layer2	CD8_Tm	SSc	25	25	18	0.006415396952686447	0.0	0.012591815320041973	186
T_NK	layer2	CD8_Tm	T1D	55	55	54	0.028629032258064516	0.020220503057578748	0.045862158072998344	4953
T_NK	layer2	CD8_Tm	UC	38	37	23	0.006379585326953748	0.0	0.025717379534380077	2571
T_NK	layer2	CD8_Tm	VKHD(Uveitis)	3	3	3	0.022809667673716012	0.016933186387797824	0.023946805000199897	626
T_NK	layer2	CD8_Tm	pSS	5	5	5	0.01273148148148148	0.008552903848806732	0.01688684663986215	403
T_NK	layer2	CD8_Tn	AD	5	5	5	0.0024691358024691358	0.0013726835964310226	0.006550218340611353	39
T_NK	layer2	CD8_Tn	AIH	1	1	0	0.0	0.0	0.0	0
T_NK	layer2	CD8_Tn	AP	1	1	1	0.003785271851342051	0.003785271851342051	0.003785271851342051	11
T_NK	layer2	CD8_Tn	AS	7	7	7	0.013645392520943087	0.00586720044195269	0.02910306986424483	1052
T_NK	layer2	CD8_Tn	BD	4	4	4	0.05927052211428076	0.04199434578020644	0.07751436590111996	1209
T_NK	layer2	CD8_Tn	BD(Uveitis)	3	3	3	0.00451995012468828	0.00398326408253124	0.00838776355036397	125
T_NK	layer2	CD8_Tn	BP	17	17	11	0.0045117628101836935	0.0	0.010403587443946188	1284
T_NK	layer2	CD8_Tn	CD	33	33	20	0.0007347538574577516	0.0	0.02887947631882942	1710
T_NK	layer2	CD8_Tn	CI	19	19	13	0.004771517709671499	0.0	0.01762288349046651	1018
T_NK	layer2	CD8_Tn	DLE	10	10	10	0.01724141862200481	0.012289313912099411	0.021418344701176904	888
T_NK	layer2	CD8_Tn	Gout	22	22	19	0.010246775732306278	0.0036589445840150754	0.06065008463881143	9079
T_NK	layer2	CD8_Tn	JIA	12	12	12	0.12287339197203678	0.07595144607378554	0.14450444879590504	4403
T_NK	layer2	CD8_Tn	LS	6	6	5	0.01185806880505235	0.008575248281130633	0.015925154924962485	50
T_NK	layer2	CD8_Tn	Lyme	6	6	6	0.01849296244346242	0.01520513849592785	0.026010938508360924	519
T_NK	layer2	CD8_Tn	PN	13	13	5	0.0	0.0	0.0040853381752156154	40
T_NK	layer2	CD8_Tn	PSO	37	37	26	0.012232415902140673	0.0	0.02464788732394366	430
T_NK	layer2	CD8_Tn	PsA	4	4	4	0.04838680974955361	0.01435254491017964	0.10001546993427944	1385
T_NK	layer2	CD8_Tn	RA	85	85	70	0.008034433285509325	0.0036486838676048996	0.018867924528301886	2913
T_NK	layer2	CD8_Tn	SLE	214	214	212	0.04216893484710951	0.024550356168701812	0.06727149541099738	48203
T_NK	layer2	CD8_Tn	SSc	25	25	18	0.0036855036855036856	0.0	0.011286681715575621	168
T_NK	layer2	CD8_Tn	T1D	55	55	54	0.05963060686015831	0.03633238570433975	0.10015478971962617	13079
T_NK	layer2	CD8_Tn	UC	38	37	22	0.005529953917050691	0.0	0.020032485110990796	3334
T_NK	layer2	CD8_Tn	VKHD(Uveitis)	3	3	3	0.0263595166163142	0.016733699233761272	0.04364588511044823	1011
T_NK	layer2	CD8_Tn	pSS	5	5	5	0.02276176024279211	0.017592592592592594	0.04089603676048248	1043
T_NK	layer2	CD8_Trm	AD	5	5	5	0.0049382716049382715	0.0010718113612004287	0.008236101578586136	33
T_NK	layer2	CD8_Trm	AIH	1	1	0	0.0	0.0	0.0	0
T_NK	layer2	CD8_Trm	AP	1	1	1	0.0006882312456985547	0.0006882312456985547	0.0006882312456985547	2
T_NK	layer2	CD8_Trm	AS	7	7	7	0.0017660044150110375	0.0016204279783315952	0.0024043603907477327	116
T_NK	layer2	CD8_Trm	BD	4	4	4	0.0015266331202683711	0.0008624678953388045	0.002210541637101323	30
T_NK	layer2	CD8_Trm	BD(Uveitis)	3	3	3	0.0019694731659281144	0.0019198986777271493	0.0036699472687255555	55
T_NK	layer2	CD8_Trm	BP	17	17	11	0.0002979737783075089	0.0	0.0009182736455463728	56
T_NK	layer2	CD8_Trm	CD	33	33	21	0.0017241379310344827	0.0	0.004431782209559987	222
T_NK	layer2	CD8_Trm	CI	19	19	12	0.006973756652596807	0.0	0.014271277362056254	503
T_NK	layer2	CD8_Trm	DLE	10	10	10	0.005608632252385988	0.0018048350625166267	0.01687621522512551	689
T_NK	layer2	CD8_Trm	Gout	22	22	19	0.0009773246491564145	0.0005883117938497648	0.0018387198376700992	254
T_NK	layer2	CD8_Trm	JIA	12	12	12	0.004592927874782479	0.0031897070291746136	0.012412671186754053	288
T_NK	layer2	CD8_Trm	LS	6	6	5	0.00767363618207795	0.0022858420818586316	0.012696715049656226	18
T_NK	layer2	CD8_Trm	Lyme	6	6	6	0.007194559879108425	0.003795248078266946	0.010391044927563806	181
T_NK	layer2	CD8_Trm	PN	13	13	4	0.0	0.0	0.0006459948320413437	7
T_NK	layer2	CD8_Trm	PSO	37	37	19	0.001937984496124031	0.0	0.0039164490861618795	99
T_NK	layer2	CD8_Trm	PsA	4	4	4	0.0015469061876247506	0.0011911352350004586	0.00189413286585851	35
T_NK	layer2	CD8_Trm	RA	85	85	62	0.0013031013812874641	0.0	0.004580152671755725	466
T_NK	layer2	CD8_Trm	SLE	214	214	187	0.001045349567190038	0.0004013688834405966	0.0019091659359732943	1831
T_NK	layer2	CD8_Trm	SSc	25	25	11	0.0	0.0	0.0016038492381716118	28
T_NK	layer2	CD8_Trm	T1D	55	55	47	0.0013324450366422385	0.000616451367781155	0.0037657444125377944	962
T_NK	layer2	CD8_Trm	UC	38	37	17	0.0	0.0	0.002474022761009401	355
T_NK	layer2	CD8_Trm	VKHD(Uveitis)	3	3	3	0.0044440055303179935	0.002853814485266405	0.008566413641291928	221
T_NK	layer2	CD8_Trm	pSS	5	5	5	0.0013318534961154272	0.0006944444444444445	0.0016082711085582998	48
T_NK	layer2	Cycling_CD4	AD	5	5	5	0.010182207931404072	0.005761316872427984	0.010917030567685589	87
T_NK	layer2	Cycling_CD4	AIH	1	1	0	0.0	0.0	0.0	0
T_NK	layer2	Cycling_CD4	AP	1	1	1	0.0010323468685478321	0.0010323468685478321	0.0010323468685478321	3
T_NK	layer2	Cycling_CD4	AS	7	7	7	0.0008275862068965517	0.00027882602411229097	0.0011964211735189206	49
T_NK	layer2	Cycling_CD4	BD	4	4	3	0.00047564118892103177	0.00022222222222222223	0.0007360376027749925	9
T_NK	layer2	Cycling_CD4	BD(Uveitis)	3	3	3	0.0017144638403990024	0.0011034160659405155	0.0025785208213286665	37
T_NK	layer2	Cycling_CD4	BP	17	17	12	0.0008968609865470852	0.0	0.0029972525185246856	118
T_NK	layer2	Cycling_CD4	CD	33	33	15	0.0	0.0	0.0011331444759206798	78
T_NK	layer2	Cycling_CD4	CI	19	19	9	0.0	0.0	0.000608200373392422	33
T_NK	layer2	Cycling_CD4	DLE	10	10	10	0.0034241563717768014	0.0015541934330284913	0.00745812619472035	198
T_NK	layer2	Cycling_CD4	Gout	22	22	12	9.177421975156153e-05	0.0	0.00020683148235654515	38
T_NK	layer2	Cycling_CD4	JIA	12	12	0	0.0	0.0	0.0	0
T_NK	layer2	Cycling_CD4	LS	6	6	4	0.003009931245225363	0.00045454545454545455	0.004478208102253699	18
T_NK	layer2	Cycling_CD4	Lyme	6	6	6	0.0043053874844724786	0.0037988610850915147	0.007149080735411671	129
T_NK	layer2	Cycling_CD4	PN	13	13	5	0.0	0.0	0.0032520325203252032	58
T_NK	layer2	Cycling_CD4	PSO	37	37	10	0.0	0.0	0.000649772579597141	25
T_NK	layer2	Cycling_CD4	PsA	4	4	0	0.0	0.0	0.0	0
T_NK	layer2	Cycling_CD4	RA	85	85	54	0.0007776049766718507	0.0	0.002150537634408602	292
T_NK	layer2	Cycling_CD4	SLE	214	214	156	0.0003340743567938683	0.0	0.0008409058025752405	593
T_NK	layer2	Cycling_CD4	SSc	25	25	6	0.0	0.0	0.0	16
T_NK	layer2	Cycling_CD4	T1D	55	55	19	0.0	0.0	0.0005278982608407704	34
T_NK	layer2	Cycling_CD4	UC	38	37	18	0.0	0.0	0.0008121277747698972	79
T_NK	layer2	Cycling_CD4	VKHD(Uveitis)	3	3	3	0.004740272565672526	0.004258353805494873	0.009793923994098307	192
T_NK	layer2	Cycling_CD4	pSS	5	5	4	0.0006785795068988917	0.00013795006207752792	0.0006944444444444445	11
T_NK	layer2	Cycling_CD4/CD8	AD	5	5	5	0.00482315112540193	0.0034317089910775567	0.0049382716049382715	64
T_NK	layer2	Cycling_CD4/CD8	AIH	1	1	0	0.0	0.0	0.0	0
T_NK	layer2	Cycling_CD4/CD8	AP	1	1	1	0.0030970406056434964	0.0030970406056434964	0.0030970406056434964	9
T_NK	layer2	Cycling_CD4/CD8	AS	7	7	5	0.0005518763796909492	0.00017047391749062393	0.0009297020965654795	35
T_NK	layer2	Cycling_CD4/CD8	BD	4	4	4	0.00046004281668273806	0.00028831103741026377	0.0006892424860601115	9
T_NK	layer2	Cycling_CD4/CD8	BD(Uveitis)	3	3	3	0.0029542097488921715	0.002178476445518405	0.0031295422195300846	39
T_NK	layer2	Cycling_CD4/CD8	BP	17	17	9	0.0002673082063619353	0.0	0.0008410428931875525	51
T_NK	layer2	Cycling_CD4/CD8	CD	33	33	12	0.0	0.0	0.001477832512315271	131
T_NK	layer2	Cycling_CD4/CD8	CI	19	19	12	0.00039085401602501464	0.0	0.001665649930292468	58
T_NK	layer2	Cycling_CD4/CD8	DLE	10	10	10	0.003563057607545006	0.0024902659367954964	0.004757629308706723	182
T_NK	layer2	Cycling_CD4/CD8	Gout	22	22	17	0.00036559603797801953	0.00011791335857277348	0.0006673889551088862	110
T_NK	layer2	Cycling_CD4/CD8	JIA	12	12	0	0.0	0.0	0.0	0
T_NK	layer2	Cycling_CD4/CD8	LS	6	6	5	0.004386032292258768	0.0024140565317035904	0.0054100212981190565	16
T_NK	layer2	Cycling_CD4/CD8	Lyme	6	6	5	0.0019480784393897366	0.0013457477407410048	0.0031202035890224846	77
T_NK	layer2	Cycling_CD4/CD8	PN	13	13	6	0.0	0.0	0.003229974160206718	34
T_NK	layer2	Cycling_CD4/CD8	PSO	37	37	14	0.0	0.0	0.0037418147801683817	58
T_NK	layer2	Cycling_CD4/CD8	PsA	4	4	0	0.0	0.0	0.0	0
T_NK	layer2	Cycling_CD4/CD8	RA	85	85	65	0.0008481764206955047	0.0002145002145002145	0.0025789813023855577	247
T_NK	layer2	Cycling_CD4/CD8	SLE	214	214	139	0.0002735791305508908	0.0	0.0005730089946367584	476
T_NK	layer2	Cycling_CD4/CD8	SSc	25	25	5	0.0	0.0	0.0	7
T_NK	layer2	Cycling_CD4/CD8	T1D	55	55	31	0.00034391837670526195	0.0	0.00073419639234938	86
T_NK	layer2	Cycling_CD4/CD8	UC	38	37	21	0.0007422068283028204	0.0	0.0016998918250656777	206
T_NK	layer2	Cycling_CD4/CD8	VKHD(Uveitis)	3	3	3	0.004078549848942598	0.003144945434659263	0.004261277689630296	113
T_NK	layer2	Cycling_CD4/CD8	pSS	5	5	3	0.00027590012415505585	0.0	0.0004595060310166571	9
T_NK	layer2	Cycling_CD8	AD	5	5	5	0.005025125628140704	0.004366812227074236	0.008236101578586136	81
T_NK	layer2	Cycling_CD8	AIH	1	1	0	0.0	0.0	0.0	0
T_NK	layer2	Cycling_CD8	AP	1	1	1	0.00034411562284927734	0.00034411562284927734	0.00034411562284927734	1
T_NK	layer2	Cycling_CD8	AS	7	7	6	0.0005682463916354131	0.000496612620841897	0.0012194661532072338	68
T_NK	layer2	Cycling_CD8	BD	4	4	4	0.0006603611105537385	0.00033802080117682743	0.0011047644952173717	13
T_NK	layer2	Cycling_CD8	BD(Uveitis)	3	3	3	0.004131093362709997	0.0024551975541729537	0.004773572284506156	46
T_NK	layer2	Cycling_CD8	BP	17	17	11	0.0003742865163282493	0.0	0.0012594458438287153	55
T_NK	layer2	Cycling_CD8	CD	33	33	10	0.0	0.0	0.0005792064871126556	40
T_NK	layer2	Cycling_CD8	CI	19	19	10	0.00018751171948246765	0.0	0.0004901514406679744	16
T_NK	layer2	Cycling_CD8	DLE	10	10	10	0.0017247031706351394	0.0009912716593751076	0.0053561990075817805	105
T_NK	layer2	Cycling_CD8	Gout	22	22	16	0.0003142115374859107	2.8130977832789467e-05	0.00048041607736703064	73
T_NK	layer2	Cycling_CD8	JIA	12	12	0	0.0	0.0	0.0	0
T_NK	layer2	Cycling_CD8	LS	6	6	4	0.0018231676915406348	0.00045454545454545455	0.006759559399628224	17
T_NK	layer2	Cycling_CD8	Lyme	6	6	6	0.0042079486150140505	0.002222921034241789	0.005771551720986078	106
T_NK	layer2	Cycling_CD8	PN	13	13	6	0.0	0.0	0.004539264639128461	38
T_NK	layer2	Cycling_CD8	PSO	37	37	9	0.0	0.0	0.0	15
T_NK	layer2	Cycling_CD8	PsA	4	4	0	0.0	0.0	0.0	0
T_NK	layer2	Cycling_CD8	RA	85	85	57	0.0013018714401952806	0.0	0.0037293553542887587	655
T_NK	layer2	Cycling_CD8	SLE	214	214	166	0.0005249956893440759	0.0001686224798744136	0.001533760643004246	1035
T_NK	layer2	Cycling_CD8	SSc	25	25	5	0.0	0.0	0.0	14
T_NK	layer2	Cycling_CD8	T1D	55	55	11	0.0	0.0	0.0	18
T_NK	layer2	Cycling_CD8	UC	38	37	19	0.0001691761123329386	0.0	0.0009896091044037606	132
T_NK	layer2	Cycling_CD8	VKHD(Uveitis)	3	3	3	0.004839028244124037	0.004534317747439662	0.008184796068042116	178
T_NK	layer2	Cycling_CD8	pSS	5	5	5	0.0008041355542791499	0.0006944444444444445	0.0011036004966202234	31
T_NK	layer2	Cycling_NK	AD	5	5	3	0.0013726835964310226	0.0	0.0021436227224008574	14
T_NK	layer2	Cycling_NK	AIH	1	1	0	0.0	0.0	0.0	0
T_NK	layer2	Cycling_NK	AP	1	1	0	0.0	0.0	0.0	0
T_NK	layer2	Cycling_NK	AS	7	7	4	0.0004597701149425287	0.0	0.0005584716183142772	22
T_NK	layer2	Cycling_NK	BD	4	4	3	0.000541916076875959	0.00036842967086949405	0.0007504419964640283	10
T_NK	layer2	Cycling_NK	BD(Uveitis)	3	3	3	0.0029542097488921715	0.00178882557270045	0.002991839107439751	32
T_NK	layer2	Cycling_NK	BP	17	17	6	0.0	0.0	0.0002979737783075089	51
T_NK	layer2	Cycling_NK	CD	33	33	13	0.0	0.0	0.0005665722379603399	47
T_NK	layer2	Cycling_NK	CI	19	19	10	0.0001228803145736053	0.0	0.0007309899803520329	24
T_NK	layer2	Cycling_NK	DLE	10	10	9	0.0008150847943717795	0.00046973109725951184	0.0014991218918438064	93
T_NK	layer2	Cycling_NK	Gout	22	22	18	0.00040434731166438483	7.437548145851884e-05	0.0006660326324851683	71
T_NK	layer2	Cycling_NK	JIA	12	12	0	0.0	0.0	0.0	0
T_NK	layer2	Cycling_NK	LS	6	6	3	0.0004570383912248629	0.0	0.001592155559248795	8
T_NK	layer2	Cycling_NK	Lyme	6	6	5	0.0013546539817326467	0.00036935651798131435	0.0020219673317949417	32
T_NK	layer2	Cycling_NK	PN	13	13	5	0.0	0.0	0.0015048908954100827	14
T_NK	layer2	Cycling_NK	PSO	37	37	13	0.0	0.0	0.0009354536950420954	20
T_NK	layer2	Cycling_NK	PsA	4	4	0	0.0	0.0	0.0	0
T_NK	layer2	Cycling_NK	RA	85	85	40	0.0	0.0	0.0007818608287724785	132
T_NK	layer2	Cycling_NK	SLE	214	214	99	0.0	0.0	0.00034091878352973274	238
T_NK	layer2	Cycling_NK	SSc	25	25	4	0.0	0.0	0.0	5
T_NK	layer2	Cycling_NK	T1D	55	55	17	0.0	0.0	0.00028424773733925476	34
T_NK	layer2	Cycling_NK	UC	38	37	12	0.0	0.0	0.00017123287671232877	37
T_NK	layer2	Cycling_NK	VKHD(Uveitis)	3	3	3	0.00037764350453172205	0.00026779821727928704	0.00043571094839463844	11
T_NK	layer2	Cycling_NK	pSS	5	5	5	0.0006659267480577136	0.0005743825387708214	0.0006785795068988917	27
T_NK	layer2	ILC	AD	5	5	5	0.0032921810699588477	0.001607717041800643	0.0034317089910775567	27
T_NK	layer2	ILC	AIH	1	1	0	0.0	0.0	0.0	0
T_NK	layer2	ILC	AP	1	1	1	0.0013764624913971094	0.0013764624913971094	0.0013764624913971094	4
T_NK	layer2	ILC	AS	7	7	7	0.0006045427066240608	0.0002358925533750912	0.0015950652828580875	55
T_NK	layer2	ILC	BD	4	4	2	0.0007407407407407407	0.0	0.001495332422586521	14
T_NK	layer2	ILC	BD(Uveitis)	3	3	3	0.0004923682914820286	0.00038388725783134755	0.002817879906339518	36
T_NK	layer2	ILC	BP	17	17	9	0.00041981528127623844	0.0	0.0010692328254477412	42
T_NK	layer2	ILC	CD	33	33	15	0.0	0.0	0.0010224948875255625	102
T_NK	layer2	ILC	CI	19	19	11	0.0002457606291472106	0.0	0.0019511567698999584	168
T_NK	layer2	ILC	DLE	10	10	10	0.005698575184528562	0.0035895403960324018	0.023184415362592314	580
T_NK	layer2	ILC	Gout	22	22	19	0.00047819473587551963	0.00020999386413228207	0.000752750753372935	98
T_NK	layer2	ILC	JIA	12	12	11	0.0010709843249185795	0.0008337978446674099	0.001285450227786606	43
T_NK	layer2	ILC	LS	6	6	3	0.0004570383912248629	0.0	0.001592155559248795	3
T_NK	layer2	ILC	Lyme	6	6	6	0.006504553734061931	0.004921039969756332	0.011032517061421115	186
T_NK	layer2	ILC	PN	13	13	2	0.0	0.0	0.0	13
T_NK	layer2	ILC	PSO	37	37	22	0.005747126436781609	0.0	0.016894087069525665	282
T_NK	layer2	ILC	PsA	4	4	3	0.0002974987361433003	0.00020514223194748358	0.0004407066706706604	6
T_NK	layer2	ILC	RA	85	85	60	0.000858000858000858	0.0	0.0027112516945323093	304
T_NK	layer2	ILC	SLE	214	214	167	0.00038987778471442723	0.00016473733889770876	0.0007577283048024462	730
T_NK	layer2	ILC	SSc	25	25	9	0.0	0.0	0.0010775862068965517	17
T_NK	layer2	ILC	T1D	55	55	44	0.0011185682326621924	0.0004473316674292031	0.0029647787101121275	204
T_NK	layer2	ILC	UC	38	37	17	0.0	0.0	0.0009272137227630969	86
T_NK	layer2	ILC	VKHD(Uveitis)	3	3	3	0.001283987915407855	0.0008789233527442056	0.0015307950637675261	38
T_NK	layer2	ILC	pSS	5	5	5	0.0006659267480577136	0.0004595060310166571	0.0006897503103876397	18
T_NK	layer2	MAIT	AD	5	5	4	0.0026795284030010718	0.0008230452674897119	0.002745367192862045	18
T_NK	layer2	MAIT	AIH	1	1	0	0.0	0.0	0.0	0
T_NK	layer2	MAIT	AP	1	1	1	0.00516173434273916	0.00516173434273916	0.00516173434273916	15
T_NK	layer2	MAIT	AS	7	7	7	0.013576158940397352	0.012650848370816549	0.01503985514799384	823
T_NK	layer2	MAIT	BD	4	4	4	0.01866597085580374	0.012645254780584706	0.02164365118352346	311
T_NK	layer2	MAIT	BD(Uveitis)	3	3	3	0.024924263288350318	0.016401077976031388	0.02555440097085845	365
T_NK	layer2	MAIT	BP	17	17	14	0.003653635367190354	0.0009357162908206232	0.005887300252312868	391
T_NK	layer2	MAIT	CD	33	33	23	0.008113590263691683	0.0	0.022333461686561418	1285
T_NK	layer2	MAIT	CI	19	19	14	0.008438027376711045	0.0011011194714626537	0.019170889258499982	632
T_NK	layer2	MAIT	DLE	10	10	10	0.008417151375515637	0.0066739824421388665	0.010983834225202216	532
T_NK	layer2	MAIT	Gout	22	22	21	0.010273366220137872	0.005106338160616889	0.024909335855910802	2830
T_NK	layer2	MAIT	JIA	12	12	12	0.024786290564753462	0.0124498796173988	0.03761706385209379	967
T_NK	layer2	MAIT	LS	6	6	5	0.005414457519720677	0.0022601621153531095	0.018735475051264525	22
T_NK	layer2	MAIT	Lyme	6	6	6	0.012147540983606557	0.006494060097833683	0.015663698549357237	297
T_NK	layer2	MAIT	PN	13	13	7	0.0007524454477050414	0.0	0.0023059185242121443	33
T_NK	layer2	MAIT	PSO	37	37	21	0.002806361085126286	0.0	0.015503875968992248	216
T_NK	layer2	MAIT	PsA	4	4	4	0.012685409292858774	0.01089669675965356	0.014337495176813111	228
T_NK	layer2	MAIT	RA	85	85	74	0.006211180124223602	0.002183406113537118	0.011194029850746268	1454
T_NK	layer2	MAIT	SLE	214	214	206	0.004036975660635005	0.0017642078526828235	0.008072755886859573	5912
T_NK	layer2	MAIT	SSc	25	25	15	0.002098635886673662	0.0	0.0046875	67
T_NK	layer2	MAIT	T1D	55	55	54	0.019986216402481046	0.010887309110057926	0.025779062892428067	3225
T_NK	layer2	MAIT	UC	38	37	22	0.0024067388688327317	0.0	0.014101929737753587	1536
T_NK	layer2	MAIT	VKHD(Uveitis)	3	3	3	0.01026694045174538	0.008984941685481617	0.025337397718319818	678
T_NK	layer2	MAIT	pSS	5	5	5	0.02847222222222222	0.022845510065596018	0.038488067319630295	859
T_NK	layer2	NKT	AD	5	5	5	0.0013397642015005359	0.001091703056768559	0.0013726835964310226	12
T_NK	layer2	NKT	AIH	1	1	0	0.0	0.0	0.0	0
T_NK	layer2	NKT	AP	1	1	1	0.0010323468685478321	0.0010323468685478321	0.0010323468685478321	3
T_NK	layer2	NKT	AS	7	7	7	0.006310013717421125	0.004642324623991023	0.02051142749638908	833
T_NK	layer2	NKT	BD	4	4	4	0.03466314914882133	0.02658115103181352	0.042369421675774135	705
T_NK	layer2	NKT	BD(Uveitis)	3	3	3	0.0020261845386533666	0.0017516447065497262	0.011478528788192008	168
T_NK	layer2	NKT	BP	17	17	11	0.0008019246190858059	0.0	0.01698450536352801	1613
T_NK	layer2	NKT	CD	33	33	19	0.0006784260515603799	0.0	0.004620716211012707	279
T_NK	layer2	NKT	CI	19	19	14	0.0074614210615567235	0.0016188714153561516	0.017950141032952213	671
T_NK	layer2	NKT	DLE	10	10	10	0.009479937670432412	0.007621351770490202	0.025058452451620666	699
T_NK	layer2	NKT	Gout	22	22	20	0.029075546094909276	0.010189928859630494	0.05928076474006806	6756
T_NK	layer2	NKT	JIA	12	12	12	0.003955097385882874	0.0026440108593799192	0.004939915190961216	163
T_NK	layer2	NKT	LS	6	6	4	0.004828113063407181	0.0010504201680672268	0.006697918013707487	15
T_NK	layer2	NKT	Lyme	6	6	5	0.008104114861462897	0.0038248806815647444	0.01630635423659561	344
T_NK	layer2	NKT	PN	13	13	4	0.0	0.0	0.0028551034975017845	39
T_NK	layer2	NKT	PSO	37	37	25	0.005221932114882507	0.0	0.007483629560336763	180
T_NK	layer2	NKT	PsA	4	4	3	0.0003238872364679831	0.00020514223194748358	0.0007896899086524765	21
T_NK	layer2	NKT	RA	85	85	64	0.004830917874396135	0.0008814455707360071	0.015267175572519083	2570
T_NK	layer2	NKT	SLE	214	214	210	0.006807804940157881	0.0035457967974510604	0.017700676984074896	12252
T_NK	layer2	NKT	SSc	25	25	11	0.0	0.0	0.002457002457002457	135
T_NK	layer2	NKT	T1D	55	55	54	0.006286013619696176	0.0030461414878373057	0.013569473828624244	2412
T_NK	layer2	NKT	UC	38	37	16	0.0	0.0	0.007372774680812803	1492
T_NK	layer2	NKT	VKHD(Uveitis)	3	3	3	0.01105670510187964	0.009873602402806303	0.014705089711060666	401
T_NK	layer2	NKT	pSS	5	5	5	0.026415094339622643	0.019904998869034154	0.06414677886605048	1610
T_NK	layer2	NK_CD16+	AD	5	5	5	0.004118050789293068	0.0017946877243359654	0.004366812227074236	44
T_NK	layer2	NK_CD16+	AIH	1	1	0	0.0	0.0	0.0	0
T_NK	layer2	NK_CD16+	AP	1	1	1	0.004817618719889883	0.004817618719889883	0.004817618719889883	14
T_NK	layer2	NK_CD16+	AS	7	7	7	0.023749892045945246	0.009852923809264256	0.030149504181383437	1429
T_NK	layer2	NK_CD16+	BD	4	4	4	0.0460148835202761	0.03092999405341584	0.0780788554948391	1102
T_NK	layer2	NK_CD16+	BD(Uveitis)	3	3	3	0.012157107231920199	0.011104717207257263	0.014448814571154584	185
T_NK	layer2	NK_CD16+	BP	17	17	12	0.005614297744923739	0.0	0.1015952980688497	3410
T_NK	layer2	NK_CD16+	CD	33	33	18	0.0033806626098715348	0.0	0.009846510280915146	1163
T_NK	layer2	NK_CD16+	CI	19	19	14	0.009093143278446793	0.0032851511169513796	0.034423603591478495	1107
T_NK	layer2	NK_CD16+	DLE	10	10	10	0.03491830865354374	0.022261131725417438	0.05323778656575365	1676
T_NK	layer2	NK_CD16+	Gout	22	22	21	0.06284525280887616	0.03890179303241439	0.0827342574235432	12850
T_NK	layer2	NK_CD16+	JIA	12	12	12	0.0050843129793923855	0.00313402169256332	0.006234109427238694	227
T_NK	layer2	NK_CD16+	LS	6	6	4	0.006928953399541635	0.0013636363636363637	0.011702547306262476	41
T_NK	layer2	NK_CD16+	Lyme	6	6	6	0.03281148469965999	0.030711390635918937	0.03460004182795123	935
T_NK	layer2	NK_CD16+	PN	13	13	6	0.0	0.0	0.00975609756097561	79
T_NK	layer2	NK_CD16+	PSO	37	37	31	0.02	0.007930214115781126	0.027134348113831898	478
T_NK	layer2	NK_CD16+	PsA	4	4	3	0.0004731237743331717	0.0002994011976047904	0.0008924962084299007	21
T_NK	layer2	NK_CD16+	RA	85	85	77	0.02547634339541854	0.014367816091954023	0.0390625	5413
T_NK	layer2	NK_CD16+	SLE	214	214	213	0.04096746538248875	0.022304954439201146	0.06850294733346945	44342
T_NK	layer2	NK_CD16+	SSc	25	25	18	0.0066945606694560665	0.0	0.020316027088036117	406
T_NK	layer2	NK_CD16+	T1D	55	55	54	0.02910798122065728	0.01878513488021128	0.05193898298617326	6143
T_NK	layer2	NK_CD16+	UC	38	37	17	0.0	0.0	0.00877029296510543	2007
T_NK	layer2	NK_CD16+	VKHD(Uveitis)	3	3	3	0.014023306340114557	0.008591182470325798	0.014791109363410753	368
T_NK	layer2	NK_CD16+	pSS	5	5	5	0.08075096132096811	0.0748994830557151	0.08412874583795782	3146
T_NK	layer2	NK_CD56+	AD	5	5	3	0.001091703056768559	0.0	0.0013397642015005359	10
T_NK	layer2	NK_CD56+	AIH	1	1	0	0.0	0.0	0.0	0
T_NK	layer2	NK_CD56+	AP	1	1	1	0.00034411562284927734	0.00034411562284927734	0.00034411562284927734	1
T_NK	layer2	NK_CD56+	AS	7	7	5	0.0031954400207271786	6.599788806758183e-05	0.00592168863184509	212
T_NK	layer2	NK_CD56+	BD	4	4	4	0.002894623974155748	0.002143626342065078	0.004096956587735276	61
T_NK	layer2	NK_CD56+	BD(Uveitis)	3	3	3	0.0033048746901679976	0.002431739090719909	0.006822304405645298	55
T_NK	layer2	NK_CD56+	BP	17	17	11	0.000594000594000594	0.0	0.0041255605381165916	175
T_NK	layer2	NK_CD56+	CD	33	33	14	0.0	0.0	0.001899335232668566	169
T_NK	layer2	NK_CD56+	CI	19	19	12	0.001314060446780552	0.0	0.0025980930824422255	193
T_NK	layer2	NK_CD56+	DLE	10	10	10	0.013026575934525726	0.007002602124310025	0.022090887069408968	682
T_NK	layer2	NK_CD56+	Gout	22	22	21	0.004603923865158278	0.0033145432121483554	0.0066696179165917965	900
T_NK	layer2	NK_CD56+	JIA	12	12	12	0.0014114085102551119	0.0010406575285994023	0.002071711875633444	77
T_NK	layer2	NK_CD56+	LS	6	6	2	0.0	0.0	0.0010668563300142249	7
T_NK	layer2	NK_CD56+	Lyme	6	6	6	0.010492410352344345	0.008271139063591894	0.017427093410854067	299
T_NK	layer2	NK_CD56+	PN	13	13	5	0.0	0.0	0.0007524454477050414	9
T_NK	layer2	NK_CD56+	PSO	37	37	18	0.0	0.0	0.01394700139470014	187
T_NK	layer2	NK_CD56+	PsA	4	4	2	0.00013676148796498905	0.0	0.0002987051061989806	2
T_NK	layer2	NK_CD56+	RA	85	85	67	0.003757380568974772	0.0008481764206955047	0.007991475759190196	1018
T_NK	layer2	NK_CD56+	SLE	214	214	204	0.003345754498733837	0.0017677973121153464	0.005792240515633342	4480
T_NK	layer2	NK_CD56+	SSc	25	25	12	0.0	0.0	0.00215633423180593	31
T_NK	layer2	NK_CD56+	T1D	55	55	51	0.004739336492890996	0.0028130799814504812	0.008114982168750246	829
T_NK	layer2	NK_CD56+	UC	38	37	15	0.0	0.0	0.0007855459544383347	195
T_NK	layer2	NK_CD56+	VKHD(Uveitis)	3	3	3	0.004003021148036254	0.0036600163393000727	0.0051123144452407225	137
T_NK	layer2	NK_CD56+	pSS	5	5	5	0.008271108558299827	0.00732519422863485	0.00972630626555078	256
T_NK	layer3	CD4_Te	AD	5	5	4	0.002411575562700965	0.0016460905349794238	0.002745367192862045	20
T_NK	layer3	CD4_Te	AIH	1	1	0	0.0	0.0	0.0	0
T_NK	layer3	CD4_Te	AP	1	1	1	0.005849965588437715	0.005849965588437715	0.005849965588437715	17
T_NK	layer3	CD4_Te	AS	7	7	7	0.0054869684499314125	0.0025392202253033034	0.01391335222262718	553
T_NK	layer3	CD4_Te	BD	4	4	4	0.008163195350174905	0.006904281434634268	0.008905843419919308	142
T_NK	layer3	CD4_Te	BD(Uveitis)	3	3	2	0.000550812448361333	0.0002754062241806665	0.00128849849350735	17
T_NK	layer3	CD4_Te	BP	17	17	13	0.0025112107623318385	0.0006939625260235947	0.01907032181168057	944
T_NK	layer3	CD4_Te	CD	33	33	23	0.0028960324355632784	0.0	0.006105834464043419	505
T_NK	layer3	CD4_Te	CI	19	19	14	0.005072463768115942	0.00023126734505087883	0.009263620559950336	461
T_NK	layer3	CD4_Te	DLE	10	10	10	0.010442809614452844	0.007784834809267904	0.015090846945285258	594
T_NK	layer3	CD4_Te	Gout	22	22	19	0.007420259413692809	0.0040345539304651075	0.016163194188565905	1767
T_NK	layer3	CD4_Te	JIA	12	12	12	0.0158332915605124	0.011897150164413593	0.022723323702809158	642
T_NK	layer3	CD4_Te	LS	6	6	5	0.014580355658966263	0.01226754754369495	0.026647300068352697	55
T_NK	layer3	CD4_Te	Lyme	6	6	6	0.013716572537069496	0.008457280297355407	0.01594656952034001	258
T_NK	layer3	CD4_Te	PN	13	13	9	0.0030911901081916537	0.0	0.004878048780487805	41
T_NK	layer3	CD4_Te	PSO	37	37	23	0.003875968992248062	0.0	0.014492753623188406	168
T_NK	layer3	CD4_Te	PsA	4	4	4	0.007090004517326257	0.005376773243055253	0.00973811403451303	135
T_NK	layer3	CD4_Te	RA	85	85	72	0.008012820512820512	0.003883495145631068	0.014804845222072678	2361
T_NK	layer3	CD4_Te	SLE	214	214	209	0.010904267378999383	0.005130469638104502	0.01978611729411854	14142
T_NK	layer3	CD4_Te	SSc	25	25	15	0.002457002457002457	0.0	0.00688360450563204	90
T_NK	layer3	CD4_Te	T1D	55	55	54	0.02903225806451613	0.016711301871434617	0.04839020363236103	4263
T_NK	layer3	CD4_Te	UC	38	37	23	0.007874015748031496	0.0	0.01607170452789368	1972
T_NK	layer3	CD4_Te	VKHD(Uveitis)	3	3	3	0.016900963512873162	0.012000330699034768	0.02104183075900423	456
T_NK	layer3	CD4_Te	pSS	5	5	5	0.007007466973004021	0.005881022393123728	0.008966754035039316	219
T_NK	layer3	CD4_Tem_GIMAP7	AD	5	5	5	0.010768126346015794	0.007641921397379912	0.011789924973204717	107
T_NK	layer3	CD4_Tem_GIMAP7	AIH	1	1	0	0.0	0.0	0.0	0
T_NK	layer3	CD4_Tem_GIMAP7	AP	1	1	1	0.01169993117687543	0.01169993117687543	0.01169993117687543	34
T_NK	layer3	CD4_Tem_GIMAP7	AS	7	7	7	0.013717421124828532	0.004370080024988869	0.018057824034346012	744
T_NK	layer3	CD4_Tem_GIMAP7	BD	4	4	4	0.01794611757401012	0.012384695589101954	0.021739133170213167	346
T_NK	layer3	CD4_Tem_GIMAP7	BD(Uveitis)	3	3	3	0.010740842743045993	0.00783226282893314	0.013864810398954418	197
T_NK	layer3	CD4_Tem_GIMAP7	BP	17	17	14	0.0054785691266516275	0.003267003267003267	0.017632241813602016	1234
T_NK	layer3	CD4_Tem_GIMAP7	CD	33	33	21	0.00440852314474651	0.0	0.0113314447592068	1199
T_NK	layer3	CD4_Tem_GIMAP7	CI	19	19	14	0.014702793530770846	0.0012135922330097086	0.0183913738198381	961
T_NK	layer3	CD4_Tem_GIMAP7	DLE	10	10	10	0.015722410614922515	0.012312149025284314	0.02488159651123166	1005
T_NK	layer3	CD4_Tem_GIMAP7	Gout	22	22	19	0.00927100900402758	0.003442657701523951	0.018078312458800264	2677
T_NK	layer3	CD4_Tem_GIMAP7	JIA	12	12	12	0.028098231589383682	0.02119541739897152	0.029638490164805957	974
T_NK	layer3	CD4_Tem_GIMAP7	LS	6	6	5	0.017015740844279283	0.010187347333814696	0.01962304409672831	61
T_NK	layer3	CD4_Tem_GIMAP7	Lyme	6	6	6	0.01498932891865482	0.01237398059694321	0.015868236763459567	370
T_NK	layer3	CD4_Tem_GIMAP7	PN	13	13	8	0.0030911901081916537	0.0	0.007137758743754461	68
T_NK	layer3	CD4_Tem_GIMAP7	PSO	37	37	25	0.00819672131147541	0.0	0.028169014084507043	356
T_NK	layer3	CD4_Tem_GIMAP7	PsA	4	4	4	0.02673154784522858	0.020355555300777	0.030090109108829064	475
T_NK	layer3	CD4_Tem_GIMAP7	RA	85	85	75	0.015897836851707065	0.009592326139088728	0.024500322372662798	3383
T_NK	layer3	CD4_Tem_GIMAP7	SLE	214	214	211	0.014862872360755355	0.009147501067899121	0.02270430849483899	15128
T_NK	layer3	CD4_Tem_GIMAP7	SSc	25	25	18	0.0026939655172413795	0.0	0.006993006993006993	100
T_NK	layer3	CD4_Tem_GIMAP7	T1D	55	55	54	0.019437340153452685	0.013979635369999903	0.02843549141814962	3445
T_NK	layer3	CD4_Tem_GIMAP7	UC	38	37	21	0.0036101083032490976	0.0	0.027054794520547945	3054
T_NK	layer3	CD4_Tem_GIMAP7	VKHD(Uveitis)	3	3	3	0.03972809667673716	0.03834454115151026	0.04702185991253409	1310
T_NK	layer3	CD4_Tem_GIMAP7	pSS	5	5	5	0.015046296296296295	0.015036556766450545	0.018380241240666284	431
T_NK	layer3	CD4_Tem_NR4A2	AD	5	5	5	0.011254019292604502	0.00905349794238683	0.013726835964310227	93
T_NK	layer3	CD4_Tem_NR4A2	AIH	1	1	0	0.0	0.0	0.0	0
T_NK	layer3	CD4_Tem_NR4A2	AP	1	1	1	0.008602890571231933	0.008602890571231933	0.008602890571231933	25
T_NK	layer3	CD4_Tem_NR4A2	AS	7	7	7	0.0034216335540838854	0.003226264411594555	0.013796268115186729	584
T_NK	layer3	CD4_Tem_NR4A2	BD	4	4	4	0.009677381597340664	0.00770430733879692	0.012677274581803344	181
T_NK	layer3	CD4_Tem_NR4A2	BD(Uveitis)	3	3	3	0.002340952905535665	0.001662844744249861	0.005612496402892521	76
T_NK	layer3	CD4_Tem_NR4A2	BP	17	17	14	0.009355787222667736	0.001485001485001485	0.019731912413620847	1079
T_NK	layer3	CD4_Tem_NR4A2	CD	33	33	21	0.003887269193391642	0.0	0.03081232492997199	1028
T_NK	layer3	CD4_Tem_NR4A2	CI	19	19	13	0.010869565217391304	0.0	0.023534415047764615	862
T_NK	layer3	CD4_Tem_NR4A2	DLE	10	10	10	0.022756180119886536	0.0163028957194688	0.029771607451222898	1254
T_NK	layer3	CD4_Tem_NR4A2	Gout	22	22	21	0.005756061833805318	0.00300405535897546	0.015571068501007281	1767
T_NK	layer3	CD4_Tem_NR4A2	JIA	12	12	12	0.008717496924328045	0.006132484585453712	0.012654445641117694	355
T_NK	layer3	CD4_Tem_NR4A2	LS	6	6	5	0.03514728319885638	0.025655354602723023	0.0468730264251288	136
T_NK	layer3	CD4_Tem_NR4A2	Lyme	6	6	6	0.019053056134162492	0.015053300586584974	0.04328970754948537	488
T_NK	layer3	CD4_Tem_NR4A2	PN	13	13	9	0.006917755572636433	0.0	0.010981912144702842	114
T_NK	layer3	CD4_Tem_NR4A2	PSO	37	37	22	0.0026472534745201853	0.0	0.01586042823156225	284
T_NK	layer3	CD4_Tem_NR4A2	PsA	4	4	4	0.0060480196914358166	0.0053799676358442855	0.01796050259104594	228
T_NK	layer3	CD4_Tem_NR4A2	RA	85	85	75	0.022437531871494134	0.009703906444389152	0.036054521471493475	4296
T_NK	layer3	CD4_Tem_NR4A2	SLE	214	214	205	0.008281945222237106	0.0037132384164866136	0.015165260813900749	10182
T_NK	layer3	CD4_Tem_NR4A2	SSc	25	25	17	0.00400962309542903	0.0	0.015126050420168067	148
T_NK	layer3	CD4_Tem_NR4A2	T1D	55	55	54	0.026657997399219768	0.008944335897059431	0.04451650813753556	3337
T_NK	layer3	CD4_Tem_NR4A2	UC	38	37	23	0.005277044854881266	0.0	0.028868813825608797	3048
T_NK	layer3	CD4_Tem_NR4A2	VKHD(Uveitis)	3	3	3	0.022220027651589966	0.021344152798604653	0.026826330363466756	695
T_NK	layer3	CD4_Tem_NR4A2	pSS	5	5	5	0.0049662022347910055	0.004523863379325944	0.007122343480758185	188
T_NK	layer3	CD4_Temra	AD	5	5	5	0.01420150053590568	0.013100436681222707	0.015785861358956762	154
T_NK	layer3	CD4_Temra	AIH	1	1	0	0.0	0.0	0.0	0
T_NK	layer3	CD4_Temra	AP	1	1	1	0.0034411562284927736	0.0034411562284927736	0.0034411562284927736	10
T_NK	layer3	CD4_Temra	AS	7	7	7	0.012071330589849109	0.0019517821687860372	0.013325997076470288	507
T_NK	layer3	CD4_Temra	BD	4	4	4	0.010320457190440838	0.007727004850627862	0.0145179283984785	252
T_NK	layer3	CD4_Temra	BD(Uveitis)	3	3	3	0.009354997538158542	0.008464334351563435	0.015509793033418423	213
T_NK	layer3	CD4_Temra	BP	17	17	14	0.005887300252312868	0.003544956493715759	0.012164311780668102	967
T_NK	layer3	CD4_Temra	CD	33	33	22	0.003428851334802841	0.0	0.010446343779677113	1011
T_NK	layer3	CD4_Temra	CI	19	19	14	0.0034868783262984033	0.0002947244326554671	0.0065129533130510765	374
T_NK	layer3	CD4_Temra	DLE	10	10	10	0.01723086813868937	0.012652526741530293	0.02092346601956551	881
T_NK	layer3	CD4_Temra	Gout	22	22	20	0.009863772566043729	0.005570490597317259	0.01516163774142753	1883
T_NK	layer3	CD4_Temra	JIA	12	12	12	0.011429330454323944	0.00948777121654336	0.011872790181482603	439
T_NK	layer3	CD4_Temra	LS	6	6	5	0.023240732993054975	0.01386523153577902	0.03462566844919786	71
T_NK	layer3	CD4_Temra	Lyme	6	6	6	0.020637787463949175	0.0120891009142063	0.030055111983387107	405
T_NK	layer3	CD4_Temra	PN	13	13	8	0.004996431120628123	0.0	0.0061823802163833074	80
T_NK	layer3	CD4_Temra	PSO	37	37	26	0.010810810810810811	0.0	0.027522935779816515	442
T_NK	layer3	CD4_Temra	PsA	4	4	4	0.02445355752275988	0.015934765063342904	0.03471182634730539	408
T_NK	layer3	CD4_Temra	RA	85	85	77	0.012001477104874446	0.006375579598145286	0.021834061135371178	2524
T_NK	layer3	CD4_Temra	SLE	214	214	209	0.010088704318138478	0.006137767249066216	0.014916698700027957	10550
T_NK	layer3	CD4_Temra	SSc	25	25	15	0.0021551724137931034	0.0	0.00944386149003148	165
T_NK	layer3	CD4_Temra	T1D	55	55	54	0.016720604099244876	0.00792323954441838	0.02360252092234367	2083
T_NK	layer3	CD4_Temra	UC	38	37	19	0.0002931691586045148	0.0	0.02085955763351915	2310
T_NK	layer3	CD4_Temra	VKHD(Uveitis)	3	3	3	0.033328068235665774	0.028218448496659672	0.04891478940484195	1299
T_NK	layer3	CD4_Temra	pSS	5	5	5	0.010404885772449673	0.010208304593737068	0.010416666666666666	301
T_NK	layer3	CD4_Tfh	AD	5	5	5	0.004307250538406317	0.0032921810699588477	0.00964630225080386	73
T_NK	layer3	CD4_Tfh	AIH	1	1	0	0.0	0.0	0.0	0
T_NK	layer3	CD4_Tfh	AP	1	1	1	0.007914659325533379	0.007914659325533379	0.007914659325533379	23
T_NK	layer3	CD4_Tfh	AS	7	7	7	0.009876543209876543	0.0017339194511764738	0.01333712903666822	497
T_NK	layer3	CD4_Tfh	BD	4	4	4	0.011877595962838855	0.009489905889496053	0.012843138650011153	216
T_NK	layer3	CD4_Tfh	BD(Uveitis)	3	3	3	0.010740842743045993	0.005862789663005025	0.011760695685737461	162
T_NK	layer3	CD4_Tfh	BP	17	17	14	0.005201793721973094	0.0022558814050918467	0.01616288832913518	909
T_NK	layer3	CD4_Tfh	CD	33	33	20	0.004606525911708253	0.0	0.010854816824966078	838
T_NK	layer3	CD4_Tfh	CI	19	19	14	0.00847457627118644	0.0024271844660194173	0.01638276249878505	1021
T_NK	layer3	CD4_Tfh	DLE	10	10	10	0.021895153904736196	0.01733481093411876	0.0299016361511492	1174
T_NK	layer3	CD4_Tfh	Gout	22	22	19	0.007675876429764591	0.002579804898376109	0.010515587192720471	1614
T_NK	layer3	CD4_Tfh	JIA	12	12	12	0.017761525534898612	0.015127585779759692	0.021418099032837607	696
T_NK	layer3	CD4_Tfh	LS	6	6	5	0.015110771581359816	0.007739938080495355	0.021990818569765938	80
T_NK	layer3	CD4_Tfh	Lyme	6	6	6	0.016949051490944174	0.014102135482389769	0.021826656358402783	424
T_NK	layer3	CD4_Tfh	PN	13	13	8	0.00463678516228748	0.0	0.005681818181818182	52
T_NK	layer3	CD4_Tfh	PSO	37	37	24	0.006289308176100629	0.0	0.017964071856287425	305
T_NK	layer3	CD4_Tfh	PsA	4	4	4	0.01660498120775166	0.015195645464322106	0.01802868551736789	298
T_NK	layer3	CD4_Tfh	RA	85	85	71	0.014802872636670086	0.004878048780487805	0.03179824561403509	3678
T_NK	layer3	CD4_Tfh	SLE	214	214	213	0.0073053636031840015	0.004626099708933725	0.011124065555083327	8201
T_NK	layer3	CD4_Tfh	SSc	25	25	15	0.0012285012285012285	0.0	0.0033613445378151263	96
T_NK	layer3	CD4_Tfh	T1D	55	55	54	0.01059190031152648	0.005626729185879843	0.017084888780897263	2019
T_NK	layer3	CD4_Tfh	UC	38	37	19	0.0033112582781456954	0.0	0.020291459140380004	2254
T_NK	layer3	CD4_Tfh	VKHD(Uveitis)	3	3	3	0.04773413897280967	0.04628460849489782	0.049455444150754854	1410
T_NK	layer3	CD4_Tfh	pSS	5	5	5	0.007696726019529006	0.007587253414264037	0.011111111111111112	239
T_NK	layer3	CD4_Th17	AD	5	5	5	0.008733624454148471	0.006966773847802787	0.009608785175017159	66
T_NK	layer3	CD4_Th17	AIH	1	1	0	0.0	0.0	0.0	0
T_NK	layer3	CD4_Th17	AP	1	1	1	0.0041293874741913286	0.0041293874741913286	0.0041293874741913286	12
T_NK	layer3	CD4_Th17	AS	7	7	7	0.019204389574759947	0.0025631779378463056	0.024639961510594527	911
T_NK	layer3	CD4_Th17	BD	4	4	4	0.018737856709168187	0.015305207476372977	0.0251347269981624	447
T_NK	layer3	CD4_Th17	BD(Uveitis)	3	3	3	0.02933076287524098	0.022050905809850918	0.04568159091392972	641
T_NK	layer3	CD4_Th17	BP	17	17	14	0.005919282511210763	0.003544956493715759	0.01910159529806885	1358
T_NK	layer3	CD4_Th17	CD	33	33	23	0.010818120351588911	0.0	0.025456088247772592	1894
T_NK	layer3	CD4_Th17	CI	19	19	14	0.007971014492753623	0.0013763993393283171	0.012597392940507057	710
T_NK	layer3	CD4_Th17	DLE	10	10	10	0.015287308320095207	0.009193618909849035	0.023870340040865325	884
T_NK	layer3	CD4_Th17	Gout	22	22	21	0.012337364254018948	0.008855897570992408	0.022407051336610823	2695
T_NK	layer3	CD4_Th17	JIA	12	12	12	0.01270449484698603	0.010833256519200925	0.02326888876589532	622
T_NK	layer3	CD4_Th17	LS	6	6	5	0.019504886530769337	0.015848765151180236	0.02336637047163363	70
T_NK	layer3	CD4_Th17	Lyme	6	6	6	0.013817243472981178	0.011925198337740838	0.016836644098475215	365
T_NK	layer3	CD4_Th17	PN	13	13	9	0.0030745580322828594	0.0	0.011286681715575621	124
T_NK	layer3	CD4_Th17	PSO	37	37	29	0.010810810810810811	0.001201923076923077	0.03058103975535168	441
T_NK	layer3	CD4_Th17	PsA	4	4	4	0.03095435789372819	0.021758617908216336	0.041111526946107785	514
T_NK	layer3	CD4_Th17	RA	85	85	74	0.013801756587202008	0.0064516129032258064	0.02798441374424371	2907
T_NK	layer3	CD4_Th17	SLE	214	214	212	0.014020914917227812	0.008266033561333066	0.021226161172829053	15538
T_NK	layer3	CD4_Th17	SSc	25	25	18	0.004914004914004914	0.0	0.013026052104208416	168
T_NK	layer3	CD4_Th17	T1D	55	55	54	0.01891891891891892	0.011027420573599189	0.028756486999911436	2683
T_NK	layer3	CD4_Th17	UC	38	37	22	0.003912071535022355	0.0	0.03424657534246575	3695
T_NK	layer3	CD4_Th17	VKHD(Uveitis)	3	3	3	0.030515504641516887	0.029078633698107995	0.0408619819280092	1162
T_NK	layer3	CD4_Th17	pSS	5	5	5	0.01538113548970821	0.013888888888888888	0.01642734060884549	411
T_NK	layer3	CD4_Th1_IL7R	AD	5	5	5	0.0049382716049382715	0.004366812227074236	0.0061770761839396015	50
T_NK	layer3	CD4_Th1_IL7R	AIH	1	1	0	0.0	0.0	0.0	0
T_NK	layer3	CD4_Th1_IL7R	AP	1	1	1	0.0017205781142463868	0.0017205781142463868	0.0017205781142463868	5
T_NK	layer3	CD4_Th1_IL7R	AS	7	7	7	0.020456870098874872	0.006818082943100663	0.027084362991662475	1043
T_NK	layer3	CD4_Th1_IL7R	BD	4	4	4	0.01962166059502125	0.013613097447679435	0.024122955442752395	358
T_NK	layer3	CD4_Th1_IL7R	BD(Uveitis)	3	3	3	0.022721013494904983	0.01579182137079075	0.04151948430356221	570
T_NK	layer3	CD4_Th1_IL7R	BP	17	17	14	0.005919282511210763	0.003222687721559781	0.014736491549413039	1568
T_NK	layer3	CD4_Th1_IL7R	CD	33	33	22	0.009065155807365438	0.0	0.023066485753052916	1237
T_NK	layer3	CD4_Th1_IL7R	CI	19	19	14	0.005797101449275362	0.0007340796476417691	0.014526460292707604	571
T_NK	layer3	CD4_Th1_IL7R	DLE	10	10	10	0.02037741427207653	0.01588500829619026	0.02667809787354679	1275
T_NK	layer3	CD4_Th1_IL7R	Gout	22	22	21	0.015100957636636863	0.007002226670326236	0.021527485443939655	2378
T_NK	layer3	CD4_Th1_IL7R	JIA	12	12	12	0.01773607872398911	0.009304164377386135	0.019175248078602634	607
T_NK	layer3	CD4_Th1_IL7R	LS	6	6	5	0.014374372860854145	0.012973242479641017	0.02562995326153221	76
T_NK	layer3	CD4_Th1_IL7R	Lyme	6	6	6	0.0242933653077538	0.01505525840000459	0.03338706739526412	507
T_NK	layer3	CD4_Th1_IL7R	PN	13	13	8	0.003843197540353574	0.0	0.008397932816537468	90
T_NK	layer3	CD4_Th1_IL7R	PSO	37	37	24	0.014150943396226415	0.0	0.031446540880503145	417
T_NK	layer3	CD4_Th1_IL7R	PsA	4	4	4	0.024046057050066176	0.019442570002227495	0.026731510724799866	403
T_NK	layer3	CD4_Th1_IL7R	RA	85	85	76	0.021787296898079764	0.009900990099009901	0.03715846994535519	5506
T_NK	layer3	CD4_Th1_IL7R	SLE	214	214	211	0.012426591701834466	0.007271405938256215	0.01717790865256303	12948
T_NK	layer3	CD4_Th1_IL7R	SSc	25	25	17	0.005857740585774059	0.0	0.0171990171990172	212
T_NK	layer3	CD4_Th1_IL7R	T1D	55	55	54	0.01258301293254107	0.008826849246785118	0.022011553383944664	2046
T_NK	layer3	CD4_Th1_IL7R	UC	38	37	18	0.0	0.0	0.02671232876712329	3246
T_NK	layer3	CD4_Th1_IL7R	VKHD(Uveitis)	3	3	3	0.03989729409441043	0.038745045720400606	0.05284139629191821	1513
T_NK	layer3	CD4_Th1_IL7R	pSS	5	5	5	0.017105807697613464	0.016898148148148148	0.019000226193168965	600
T_NK	layer3	CD4_Th1_MHCII	AD	5	5	5	0.004287245444801715	0.003948312993539124	0.005761316872427984	51
T_NK	layer3	CD4_Th1_MHCII	AIH	1	1	0	0.0	0.0	0.0	0
T_NK	layer3	CD4_Th1_MHCII	AP	1	1	1	0.0010323468685478321	0.0010323468685478321	0.0010323468685478321	3
T_NK	layer3	CD4_Th1_MHCII	AS	7	7	7	0.0043895747599451305	0.001337498565458952	0.00830732332435896	390
T_NK	layer3	CD4_Th1_MHCII	BD	4	4	4	0.0027054716895598165	0.002305589137254115	0.0032865746047340935	57
T_NK	layer3	CD4_Th1_MHCII	BD(Uveitis)	3	3	3	0.006058936931974662	0.0035218367574693598	0.0063025357976581545	88
T_NK	layer3	CD4_Th1_MHCII	BP	17	17	12	0.0021524663677130046	0.0	0.006148088746324512	370
T_NK	layer3	CD4_Th1_MHCII	CD	33	33	20	0.0019193857965451055	0.0	0.004859086491739553	304
T_NK	layer3	CD4_Th1_MHCII	CI	19	19	14	0.002173913043478261	0.00023126734505087883	0.0038484102430390156	161
T_NK	layer3	CD4_Th1_MHCII	DLE	10	10	10	0.006148910785756819	0.0028172265457952223	0.009545188936501754	292
T_NK	layer3	CD4_Th1_MHCII	Gout	22	22	21	0.0026056178541095307	0.0017430674058081688	0.003667509383766864	446
T_NK	layer3	CD4_Th1_MHCII	JIA	12	12	12	0.0025530517769356545	0.002108333935757488	0.003380511417447122	107
T_NK	layer3	CD4_Th1_MHCII	LS	6	6	4	0.004560412165530995	0.0009090909090909091	0.0070102129180354905	22
T_NK	layer3	CD4_Th1_MHCII	Lyme	6	6	6	0.008407404947178348	0.005855875257462566	0.011477703083434891	203
T_NK	layer3	CD4_Th1_MHCII	PN	13	13	9	0.0016260162601626016	0.0	0.004521963824289405	33
T_NK	layer3	CD4_Th1_MHCII	PSO	37	37	22	0.003955696202531646	0.0	0.008982035928143712	139
T_NK	layer3	CD4_Th1_MHCII	PsA	4	4	4	0.00492814200146642	0.0037720783815301563	0.007654189050103821	107
T_NK	layer3	CD4_Th1_MHCII	RA	85	85	70	0.00599443374009848	0.002549651100375738	0.010963793982661908	1576
T_NK	layer3	CD4_Th1_MHCII	SLE	214	214	210	0.002976599368452272	0.0016989120664538326	0.004296646617635619	2986
T_NK	layer3	CD4_Th1_MHCII	SSc	25	25	13	0.0008019246190858059	0.0	0.0037174721189591076	85
T_NK	layer3	CD4_Th1_MHCII	T1D	55	55	48	0.0020971688220901784	0.0011853050729699413	0.0038236359051615444	370
T_NK	layer3	CD4_Th1_MHCII	UC	38	37	19	0.0012033694344163659	0.0	0.006756756756756757	720
T_NK	layer3	CD4_Th1_MHCII	VKHD(Uveitis)	3	3	3	0.04201547938714263	0.028562549095111904	0.04532798138541422	1063
T_NK	layer3	CD4_Th1_MHCII	pSS	5	5	5	0.003166704365528161	0.002871912693854107	0.003724651676093254	100
T_NK	layer3	CD4_Th2	AD	5	5	5	0.0026795284030010718	0.002059025394646534	0.003230437903804738	29
T_NK	layer3	CD4_Th2	AIH	1	1	0	0.0	0.0	0.0	0
T_NK	layer3	CD4_Th2	AP	1	1	1	0.01169993117687543	0.01169993117687543	0.01169993117687543	34
T_NK	layer3	CD4_Th2	AS	7	7	7	0.0024691358024691358	0.0007357766590205098	0.0032592775633681096	160
T_NK	layer3	CD4_Th2	BD	4	4	4	0.0026384764331721412	0.0021709052994242713	0.0034515535115575515	62
T_NK	layer3	CD4_Th2	BD(Uveitis)	3	3	3	0.0015147342329936656	0.0012497354079788613	0.00286148182971379	40
T_NK	layer3	CD4_Th2	BP	17	17	14	0.0023318385650224214	0.0006445375443119562	0.007484629778134189	342
T_NK	layer3	CD4_Th2	CD	33	33	19	0.0011331444759206798	0.0	0.0032019704433497538	254
T_NK	layer3	CD4_Th2	CI	19	19	12	0.0005894488653109342	0.0	0.001655843979379146	56
T_NK	layer3	CD4_Th2	DLE	10	10	10	0.007701218583188351	0.00647624266280177	0.009537337662337662	361
T_NK	layer3	CD4_Th2	Gout	22	22	19	0.0032528514405459953	0.0016659431415109323	0.005145108245756839	602
T_NK	layer3	CD4_Th2	JIA	12	12	12	0.005853961276267806	0.0034582350450613926	0.007764901091493609	248
T_NK	layer3	CD4_Th2	LS	6	6	3	0.0009140767824497258	0.0	0.0020573228862462	9
T_NK	layer3	CD4_Th2	Lyme	6	6	5	0.002665081049914167	0.002349518194284769	0.004177120207123301	81
T_NK	layer3	CD4_Th2	PN	13	13	7	0.0015372790161414297	0.0	0.003229974160206718	33
T_NK	layer3	CD4_Th2	PSO	37	37	19	0.0007911392405063291	0.0	0.003875968992248062	54
T_NK	layer3	CD4_Th2	PsA	4	4	4	0.011413093230598383	0.005211972685688453	0.015999251497005988	148
T_NK	layer3	CD4_Th2	RA	85	85	73	0.0042941492216854536	0.002325581395348837	0.0070921985815602835	855
T_NK	layer3	CD4_Th2	SLE	214	214	209	0.0025679367903351054	0.0016372814704371885	0.0037803693270348697	2723
T_NK	layer3	CD4_Th2	SSc	25	25	12	0.0	0.0	0.0012515644555694619	24
T_NK	layer3	CD4_Th2	T1D	55	55	54	0.004352030947775629	0.0031229475856496443	0.007045430971890883	681
T_NK	layer3	CD4_Th2	UC	38	37	17	0.0	0.0	0.004508566275924256	549
T_NK	layer3	CD4_Th2	VKHD(Uveitis)	3	3	3	0.00823262839879154	0.00717774023139261	0.008775925635187904	230
T_NK	layer3	CD4_Th2	pSS	5	5	5	0.001130965844831486	0.0009656504345426955	0.0023148148148148147	47
T_NK	layer3	CD4_Tn_SOX4+	AD	5	5	3	0.0003589375448671931	0.0	0.0005359056806002144	4
T_NK	layer3	CD4_Tn_SOX4+	AIH	1	1	0	0.0	0.0	0.0	0
T_NK	layer3	CD4_Tn_SOX4+	AP	1	1	1	0.00034411562284927734	0.00034411562284927734	0.00034411562284927734	1
T_NK	layer3	CD4_Tn_SOX4+	AS	7	7	7	0.001640901632265308	0.0006244917786158398	0.0037411486970347985	118
T_NK	layer3	CD4_Tn_SOX4+	BD	4	4	4	0.0040361996776156935	0.0013548117789921068	0.00673852005614281	85
T_NK	layer3	CD4_Tn_SOX4+	BD(Uveitis)	3	3	3	0.0004923682914820286	0.00032411432030460534	0.0007281450380571806	9
T_NK	layer3	CD4_Tn_SOX4+	BP	17	17	9	0.000297000297000297	0.0	0.0026817640047675805	158
T_NK	layer3	CD4_Tn_SOX4+	CD	33	33	15	0.0	0.0	0.002545608824777259	216
T_NK	layer3	CD4_Tn_SOX4+	CI	19	19	12	0.0013876040703052729	0.0	0.0021749136668768486	185
T_NK	layer3	CD4_Tn_SOX4+	DLE	10	10	10	0.001725373237798027	0.0008230748574612956	0.0020539839893862475	129
T_NK	layer3	CD4_Tn_SOX4+	Gout	22	22	19	0.001619679884235975	0.00020240203430749444	0.004586336375978323	708
T_NK	layer3	CD4_Tn_SOX4+	JIA	12	12	12	0.01794946163231046	0.015177011152088467	0.041875966196021845	943
T_NK	layer3	CD4_Tn_SOX4+	LS	6	6	1	0.0	0.0	0.0	1
T_NK	layer3	CD4_Tn_SOX4+	Lyme	6	6	5	0.0005365196106509644	0.0004162288617743122	0.0007539589394924338	18
T_NK	layer3	CD4_Tn_SOX4+	PN	13	13	2	0.0	0.0	0.0	3
T_NK	layer3	CD4_Tn_SOX4+	PSO	37	37	13	0.0	0.0	0.0013175230566534915	21
T_NK	layer3	CD4_Tn_SOX4+	PsA	4	4	3	0.0035309364126440645	0.0011976047904191617	0.010526589762901422	149
T_NK	layer3	CD4_Tn_SOX4+	RA	85	85	36	0.0	0.0	0.0005608524957936063	120
T_NK	layer3	CD4_Tn_SOX4+	SLE	214	214	202	0.003658932079544139	0.0015135321385365262	0.006749202734972648	5510
T_NK	layer3	CD4_Tn_SOX4+	SSc	25	25	3	0.0	0.0	0.0	4
T_NK	layer3	CD4_Tn_SOX4+	T1D	55	55	54	0.008136094674556213	0.005197501550655205	0.02326490340399339	3176
T_NK	layer3	CD4_Tn_SOX4+	UC	38	37	21	0.0007464079119238664	0.0	0.003011093502377179	450
T_NK	layer3	CD4_Tn_SOX4+	VKHD(Uveitis)	3	3	3	0.0021148036253776435	0.0012943312077290997	0.0027362483463645084	65
T_NK	layer3	CD4_Tn_SOX4+	pSS	5	5	5	0.003905801263641585	0.0016203703703703703	0.0046903021106359495	118
T_NK	layer3	CD4_Tn_SOX4-	AD	5	5	5	0.009876543209876543	0.007641921397379912	0.01148600143575018	115
T_NK	layer3	CD4_Tn_SOX4-	AIH	1	1	0	0.0	0.0	0.0	0
T_NK	layer3	CD4_Tn_SOX4-	AP	1	1	1	0.016517549896765314	0.016517549896765314	0.016517549896765314	48
T_NK	layer3	CD4_Tn_SOX4-	AS	7	7	7	0.0308316780378271	0.015225527782730383	0.06675862068965517	2429
T_NK	layer3	CD4_Tn_SOX4-	BD	4	4	4	0.06785324323962785	0.04520241347905282	0.08018616997289665	1226
T_NK	layer3	CD4_Tn_SOX4-	BD(Uveitis)	3	3	3	0.007385524372230428	0.006722230652102545	0.007900991612549129	113
T_NK	layer3	CD4_Tn_SOX4-	BP	17	17	12	0.013570893347764549	0.0	0.034004163775156145	2906
T_NK	layer3	CD4_Tn_SOX4-	CD	33	33	21	0.002054794520547945	0.0	0.012667946257197697	3339
T_NK	layer3	CD4_Tn_SOX4-	CI	19	19	13	0.009725906277630416	0.0	0.027534941618558198	1531
T_NK	layer3	CD4_Tn_SOX4-	DLE	10	10	10	0.02329646809735392	0.021409624719872244	0.029330791920135022	1234
T_NK	layer3	CD4_Tn_SOX4-	Gout	22	22	19	0.030464005943836824	0.009852469350412812	0.08169843314233557	10133
T_NK	layer3	CD4_Tn_SOX4-	JIA	12	12	12	0.14797310490370058	0.11361782138631193	0.18404327708219922	5622
T_NK	layer3	CD4_Tn_SOX4-	LS	6	6	5	0.020315871946777364	0.013213180008845644	0.0282167192953299	100
T_NK	layer3	CD4_Tn_SOX4-	Lyme	6	6	5	0.023400410726822075	0.018309198486253148	0.028480148678470936	615
T_NK	layer3	CD4_Tn_SOX4-	PN	13	13	8	0.007686395080707148	0.0	0.01270994098955969	106
T_NK	layer3	CD4_Tn_SOX4-	PSO	37	37	27	0.027134348113831898	0.0	0.046788263283108644	656
T_NK	layer3	CD4_Tn_SOX4-	PsA	4	4	4	0.07488165546318422	0.03589071856287425	0.12383395150541981	1767
T_NK	layer3	CD4_Tn_SOX4-	RA	85	85	74	0.014931927975406236	0.006702148630001971	0.029585798816568046	4516
T_NK	layer3	CD4_Tn_SOX4-	SLE	214	214	213	0.04496820345980603	0.024561224891948345	0.0717291661856051	52323
T_NK	layer3	CD4_Tn_SOX4-	SSc	25	25	18	0.0045377197958026095	0.0	0.009159482758620689	191
T_NK	layer3	CD4_Tn_SOX4-	T1D	55	55	54	0.10765171503957784	0.0649874407897959	0.1451004906549236	17181
T_NK	layer3	CD4_Tn_SOX4-	UC	38	37	22	0.006379585326953748	0.0	0.04358419057931781	7230
T_NK	layer3	CD4_Tn_SOX4-	VKHD(Uveitis)	3	3	3	0.03854051492655189	0.03562222120949951	0.09783039967145292	2268
T_NK	layer3	CD4_Tn_SOX4-	pSS	5	5	5	0.04229812259669758	0.03935185185185185	0.04497172023727411	1262
T_NK	layer3	CD4_Treg_KLRB1	AD	5	5	4	0.002947481243301179	0.002183406113537118	0.003589375448671931	29
T_NK	layer3	CD4_Treg_KLRB1	AIH	1	1	0	0.0	0.0	0.0	0
T_NK	layer3	CD4_Treg_KLRB1	AP	1	1	1	0.003785271851342051	0.003785271851342051	0.003785271851342051	11
T_NK	layer3	CD4_Treg_KLRB1	AS	7	7	5	0.0005518763796909492	0.00016989466530750936	0.00240782847580642	91
T_NK	layer3	CD4_Treg_KLRB1	BD	4	4	4	0.0007570931235828802	0.0004412711364975747	0.0011368722938203137	18
T_NK	layer3	CD4_Treg_KLRB1	BD(Uveitis)	3	3	2	0.0020655466813549986	0.0010327733406774993	0.0024355164828221377	33
T_NK	layer3	CD4_Treg_KLRB1	BP	17	17	12	0.0003742865163282493	0.0	0.0036730945821854912	213
T_NK	layer3	CD4_Treg_KLRB1	CD	33	33	18	0.0004926108374384236	0.0	0.0017921146953405018	144
T_NK	layer3	CD4_Treg_KLRB1	CI	19	19	14	0.00423728813559322	0.0005256241787122207	0.005956204524276849	340
T_NK	layer3	CD4_Treg_KLRB1	DLE	10	10	10	0.005052651438993224	0.0033199685765207777	0.006886214787252297	222
T_NK	layer3	CD4_Treg_KLRB1	Gout	22	22	20	0.0015395293850306057	0.000665339870460351	0.001729285512151863	243
T_NK	layer3	CD4_Treg_KLRB1	JIA	12	12	12	0.001622252508216529	0.0010067351033953395	0.0017941663708436872	60
T_NK	layer3	CD4_Treg_KLRB1	LS	6	6	3	0.0022851919561243145	0.0	0.004876593133111944	17
T_NK	layer3	CD4_Treg_KLRB1	Lyme	6	6	5	0.00396694439233223	0.0029012117483853146	0.004849344893431827	106
T_NK	layer3	CD4_Treg_KLRB1	PN	13	13	4	0.0	0.0	0.0016260162601626016	16
T_NK	layer3	CD4_Treg_KLRB1	PSO	37	37	21	0.0023752969121140144	0.0	0.006363636363636364	100
T_NK	layer3	CD4_Treg_KLRB1	PsA	4	4	4	0.0019553344077708913	0.0018646282854412148	0.002713323353293413	41
T_NK	layer3	CD4_Treg_KLRB1	RA	85	85	62	0.0016025641025641025	0.0	0.003032600454890068	385
T_NK	layer3	CD4_Treg_KLRB1	SLE	214	214	188	0.0006634930800626354	0.0003035132960442277	0.0011735620739623215	817
T_NK	layer3	CD4_Treg_KLRB1	SSc	25	25	10	0.0	0.0	0.0015625	21
T_NK	layer3	CD4_Treg_KLRB1	T1D	55	55	44	0.0007396449704142012	0.00048544421444757387	0.0014564531035303361	166
T_NK	layer3	CD4_Treg_KLRB1	UC	38	37	20	0.0005075283369988157	0.0	0.0033112582781456954	529
T_NK	layer3	CD4_Treg_KLRB1	VKHD(Uveitis)	3	3	3	0.005234050957930081	0.004694064753889512	0.00854026035497199	183
T_NK	layer3	CD4_Treg_KLRB1	pSS	5	5	5	0.001130965844831486	0.0011098779134295228	0.0017231476163124641	41
T_NK	layer3	CD4_Treg_LEF1	AD	5	5	5	0.006584362139917695	0.006101938262742283	0.010917030567685589	84
T_NK	layer3	CD4_Treg_LEF1	AIH	1	1	0	0.0	0.0	0.0	0
T_NK	layer3	CD4_Treg_LEF1	AP	1	1	1	0.018926359256710254	0.018926359256710254	0.018926359256710254	55
T_NK	layer3	CD4_Treg_LEF1	AS	7	7	7	0.006863780359028511	0.003213374031377465	0.007179922472523822	359
T_NK	layer3	CD4_Treg_LEF1	BD	4	4	4	0.010583894478342062	0.007528650576806314	0.012331505932855109	190
T_NK	layer3	CD4_Treg_LEF1	BD(Uveitis)	3	3	3	0.0023379052369077308	0.001661320909935894	0.0033033508558540305	48
T_NK	layer3	CD4_Treg_LEF1	BP	17	17	14	0.0049261083743842365	0.0017937219730941704	0.012804366078925274	816
T_NK	layer3	CD4_Treg_LEF1	CD	33	33	20	0.0014695077149155032	0.0	0.0058219178082191785	420
T_NK	layer3	CD4_Treg_LEF1	CI	19	19	14	0.00597609561752988	0.00211864406779661	0.006650200540755264	434
T_NK	layer3	CD4_Treg_LEF1	DLE	10	10	10	0.023259774555838345	0.01748798826950325	0.030492810760667906	1172
T_NK	layer3	CD4_Treg_LEF1	Gout	22	22	20	0.005502994054460574	0.0020489479594519707	0.009278024111921118	1269
T_NK	layer3	CD4_Treg_LEF1	JIA	12	12	12	0.02358264533852271	0.015468082792218764	0.026632119410577183	920
T_NK	layer3	CD4_Treg_LEF1	LS	6	6	4	0.009449298922983133	0.0018796992481203006	0.026839465752676567	73
T_NK	layer3	CD4_Treg_LEF1	Lyme	6	6	6	0.011136123235308718	0.01016484505835271	0.014911716748194736	266
T_NK	layer3	CD4_Treg_LEF1	PN	13	13	8	0.0018587360594795538	0.0	0.003843197540353574	41
T_NK	layer3	CD4_Treg_LEF1	PSO	37	37	30	0.010810810810810811	0.00625	0.026271186440677965	470
T_NK	layer3	CD4_Treg_LEF1	PsA	4	4	4	0.011025801435215973	0.008372041475036798	0.013680632733675384	211
T_NK	layer3	CD4_Treg_LEF1	RA	85	85	74	0.011871508379888268	0.005496588324488249	0.019230769230769232	3003
T_NK	layer3	CD4_Treg_LEF1	SLE	214	214	212	0.008804969994889819	0.00527456751430324	0.013710611167276463	10515
T_NK	layer3	CD4_Treg_LEF1	SSc	25	25	15	0.0008368200836820083	0.0	0.005042016806722689	97
T_NK	layer3	CD4_Treg_LEF1	T1D	55	55	54	0.011013215859030838	0.006959892400671994	0.014254729154655026	2450
T_NK	layer3	CD4_Treg_LEF1	UC	38	37	23	0.004567755032989342	0.0	0.01430062630480167	1611
T_NK	layer3	CD4_Treg_LEF1	VKHD(Uveitis)	3	3	3	0.011858006042296072	0.01019373213187304	0.01353319026191438	365
T_NK	layer3	CD4_Treg_LEF1	pSS	5	5	5	0.0112578977599081	0.007587253414264037	0.02476851851851852	408
T_NK	layer3	CD4_Treg_MHCII	AD	5	5	5	0.02292576419213974	0.01990391214824983	0.03209876543209877	253
T_NK	layer3	CD4_Treg_MHCII	AIH	1	1	0	0.0	0.0	0.0	0
T_NK	layer3	CD4_Treg_MHCII	AP	1	1	1	0.020302821748107363	0.020302821748107363	0.020302821748107363	59
T_NK	layer3	CD4_Treg_MHCII	AS	7	7	7	0.007681755829903978	0.0056461472915489965	0.012652853200025155	598
T_NK	layer3	CD4_Treg_MHCII	BD	4	4	4	0.0066830576011129616	0.006255043292986989	0.00762534913576734	145
T_NK	layer3	CD4_Treg_MHCII	BD(Uveitis)	3	3	3	0.003584788029925187	0.0032694988894086795	0.00654315138207909	98
T_NK	layer3	CD4_Treg_MHCII	BP	17	17	14	0.0024630541871921183	0.0011918951132300357	0.015610651974288337	1738
T_NK	layer3	CD4_Treg_MHCII	CD	33	33	21	0.0015827793605571383	0.0	0.004732927653820149	473
T_NK	layer3	CD4_Treg_MHCII	CI	19	19	14	0.00423728813559322	0.0011928794274178747	0.009642330628345264	500
T_NK	layer3	CD4_Treg_MHCII	DLE	10	10	10	0.035572193566750246	0.027553811521397492	0.05726323481653814	1717
T_NK	layer3	CD4_Treg_MHCII	Gout	22	22	21	0.00525858367408699	0.0031722725617615234	0.0075397606878316575	960
T_NK	layer3	CD4_Treg_MHCII	JIA	12	12	12	0.004934559190265031	0.004644264565902584	0.00753104346502421	250
T_NK	layer3	CD4_Treg_MHCII	LS	6	6	5	0.042462312211181644	0.038686242633611055	0.045404267740002766	152
T_NK	layer3	CD4_Treg_MHCII	Lyme	6	6	6	0.028356404042206265	0.025908859423902066	0.02988113513038763	649
T_NK	layer3	CD4_Treg_MHCII	PN	13	13	9	0.009223674096848577	0.0	0.016795279164775308	131
T_NK	layer3	CD4_Treg_MHCII	PSO	37	37	30	0.03245192307692308	0.013409961685823755	0.043859649122807015	920
T_NK	layer3	CD4_Treg_MHCII	PsA	4	4	4	0.006384209720293661	0.005012185694257001	0.01736074571816504	221
T_NK	layer3	CD4_Treg_MHCII	RA	85	85	73	0.010735373054213635	0.004891969017529555	0.018018018018018018	2289
T_NK	layer3	CD4_Treg_MHCII	SLE	214	214	213	0.00582298224397301	0.0036047117388284325	0.008957379592466157	7061
T_NK	layer3	CD4_Treg_MHCII	SSc	25	25	17	0.00431266846361186	0.0	0.012515644555694618	170
T_NK	layer3	CD4_Treg_MHCII	T1D	55	55	54	0.005050505050505051	0.0025401008933739547	0.007512111116475947	924
T_NK	layer3	CD4_Treg_MHCII	UC	38	37	21	0.0032534246575342467	0.0	0.016556291390728478	1713
T_NK	layer3	CD4_Treg_MHCII	VKHD(Uveitis)	3	3	3	0.020217975043437055	0.017367529887904583	0.024686026796643	661
T_NK	layer3	CD4_Treg_MHCII	pSS	5	5	5	0.010654827968923418	0.00781160252728317	0.018287037037037036	326
T_NK	layer3	CD8_ISGs	AD	5	5	3	0.0003589375448671931	0.0	0.0006863417982155113	8
T_NK	layer3	CD8_ISGs	AIH	1	1	0	0.0	0.0	0.0	0
T_NK	layer3	CD8_ISGs	AP	1	1	0	0.0	0.0	0.0	0
T_NK	layer3	CD8_ISGs	AS	7	7	7	0.0020229885057471263	0.0012837548446232652	0.00631748905443621	211
T_NK	layer3	CD8_ISGs	BD	4	4	4	0.002261027245115372	0.001769011839708561	0.003596260406271752	65
T_NK	layer3	CD8_ISGs	BD(Uveitis)	3	3	3	0.003938946331856229	0.0028267050861276156	0.008028410097902776	107
T_NK	layer3	CD8_ISGs	BP	17	17	10	0.0008453978653703899	0.0	0.0016792611251049538	355
T_NK	layer3	CD8_ISGs	CD	33	33	17	9.717228646390049e-05	0.0	0.0013568521031207597	192
T_NK	layer3	CD8_ISGs	CI	19	19	9	0.0	0.0	0.000817110087948136	40
T_NK	layer3	CD8_ISGs	DLE	10	10	10	0.009940181148530515	0.004465316972215361	0.014462118677575353	371
T_NK	layer3	CD8_ISGs	Gout	22	22	21	0.0022836745987825126	0.0016787770222421892	0.0032519376018799516	555
T_NK	layer3	CD8_ISGs	JIA	12	12	12	0.0017734865197833998	0.0011582458076339489	0.0023542848899732057	81
T_NK	layer3	CD8_ISGs	LS	6	6	4	0.001879513497910496	0.00022851919561243144	0.003438510280615544	8
T_NK	layer3	CD8_ISGs	Lyme	6	6	6	0.0012016881877877866	0.0008664394513856236	0.001553360769078336	31
T_NK	layer3	CD8_ISGs	PN	13	13	5	0.0	0.0	0.0007686395080707148	12
T_NK	layer3	CD8_ISGs	PSO	37	37	15	0.0	0.0	0.002894356005788712	31
T_NK	layer3	CD8_ISGs	PsA	4	4	2	0.00018712574850299402	0.0	0.00041463632956975036	6
T_NK	layer3	CD8_ISGs	RA	85	85	59	0.001763668430335097	0.0	0.00530705079605762	810
T_NK	layer3	CD8_ISGs	SLE	214	214	194	0.002690504863630888	0.0009158085593294756	0.008954355930641752	5610
T_NK	layer3	CD8_ISGs	SSc	25	25	12	0.0	0.0	0.001049317943336831	26
T_NK	layer3	CD8_ISGs	T1D	55	55	47	0.0012730008100914245	0.0005679908324512204	0.00267292761036878	473
T_NK	layer3	CD8_ISGs	UC	38	37	19	0.00017123287671232877	0.0	0.0014385901816220104	301
T_NK	layer3	CD8_ISGs	VKHD(Uveitis)	3	3	3	0.00853474320241692	0.007347453736732073	0.008908888488429474	246
T_NK	layer3	CD8_ISGs	pSS	5	5	4	0.005399195864445721	0.0024831011173955028	0.007407407407407408	147
T_NK	layer3	CD8_MemTex	AD	5	5	4	0.0003589375448671931	0.0002679528403001072	0.0008230452674897119	5
T_NK	layer3	CD8_MemTex	AIH	1	1	0	0.0	0.0	0.0	0
T_NK	layer3	CD8_MemTex	AP	1	1	1	0.00034411562284927734	0.00034411562284927734	0.00034411562284927734	1
T_NK	layer3	CD8_MemTex	AS	7	7	6	0.0008230452674897119	0.0003920891343172972	0.0014045927951461404	62
T_NK	layer3	CD8_MemTex	BD	4	4	4	0.000996516136190576	0.0005863691560412872	0.0014108756951460681	20
T_NK	layer3	CD8_MemTex	BD(Uveitis)	3	3	3	0.0023379052369077308	0.0014151367641948797	0.0026148352954023643	37
T_NK	layer3	CD8_MemTex	BP	17	17	8	0.0	0.0	0.0010692328254477412	82
T_NK	layer3	CD8_MemTex	CD	33	33	17	0.00019193857965451057	0.0	0.0008485362749257531	59
T_NK	layer3	CD8_MemTex	CI	19	19	11	0.0008401596303297626	0.0	0.0028194615137149687	136
T_NK	layer3	CD8_MemTex	DLE	10	10	10	0.002224974593226566	0.001400475683814331	0.0027121985157699444	85
T_NK	layer3	CD8_MemTex	Gout	22	22	17	0.0007451630806142276	0.00019638455805207967	0.0013672293238883868	235
T_NK	layer3	CD8_MemTex	JIA	12	12	12	0.0029259464336983715	0.0013216847144979066	0.00424831819893971	113
T_NK	layer3	CD8_MemTex	LS	6	6	3	0.0007112375533428165	0.0	0.0030978491240205856	7
T_NK	layer3	CD8_MemTex	Lyme	6	6	5	0.0020377140910222643	0.0011484523073365207	0.0029776036107825267	59
T_NK	layer3	CD8_MemTex	PN	13	13	2	0.0	0.0	0.0	3
T_NK	layer3	CD8_MemTex	PSO	37	37	10	0.0	0.0	0.0015860428231562252	28
T_NK	layer3	CD8_MemTex	PsA	4	4	2	0.0006965280754393485	0.0	0.0016602188090014736	22
T_NK	layer3	CD8_MemTex	RA	85	85	50	0.0006422607578676942	0.0	0.002091175240485153	306
T_NK	layer3	CD8_MemTex	SLE	214	214	201	0.0012018571102567139	0.0006756066668592356	0.0019906080962884707	1401
T_NK	layer3	CD8_MemTex	SSc	25	25	6	0.0	0.0	0.0	11
T_NK	layer3	CD8_MemTex	T1D	55	55	40	0.0010787486515641855	0.0	0.0018313556075796476	312
T_NK	layer3	CD8_MemTex	UC	38	37	18	0.0	0.0	0.0014757424829367274	181
T_NK	layer3	CD8_MemTex	VKHD(Uveitis)	3	3	3	0.004740272565672526	0.003465302445978257	0.005529194883373303	117
T_NK	layer3	CD8_MemTex	pSS	5	5	5	0.0011487650775416428	0.0011036004966202234	0.0024881248586292692	46
T_NK	layer3	CD8_Tem_GZMK	AD	5	5	5	0.002745367192862045	0.001607717041800643	0.0032921810699588477	20
T_NK	layer3	CD8_Tem_GZMK	AIH	1	1	0	0.0	0.0	0.0	0
T_NK	layer3	CD8_Tem_GZMK	AP	1	1	1	0.00653819683413627	0.00653819683413627	0.00653819683413627	19
T_NK	layer3	CD8_Tem_GZMK	AS	7	7	7	0.007681755829903978	0.006312730698578361	0.014282751566596518	659
T_NK	layer3	CD8_Tem_GZMK	BD	4	4	4	0.01291729637493837	0.010369834644073789	0.015048269581056466	242
T_NK	layer3	CD8_Tem_GZMK	BD(Uveitis)	3	3	3	0.013081795648581657	0.007771818552995901	0.014723566153467886	205
T_NK	layer3	CD8_Tem_GZMK	BP	17	17	13	0.004767580452920143	0.0013879250520471894	0.009355787222667736	635
T_NK	layer3	CD8_Tem_GZMK	CD	33	33	22	0.0028011204481792717	0.0	0.006134969325153374	407
T_NK	layer3	CD8_Tem_GZMK	CI	19	19	14	0.006896551724137931	0.0009250693802035153	0.009717322070854042	506
T_NK	layer3	CD8_Tem_GZMK	DLE	10	10	10	0.015553975731561268	0.011304499072356216	0.0183631116013005	894
T_NK	layer3	CD8_Tem_GZMK	Gout	22	22	21	0.0058103612054831565	0.004116549225919748	0.010231155868985459	1472
T_NK	layer3	CD8_Tem_GZMK	JIA	12	12	12	0.00837720384821834	0.005630818647153801	0.012212010088350432	323
T_NK	layer3	CD8_Tem_GZMK	LS	6	6	5	0.011636802658474485	0.008837159106571211	0.012696715049656226	36
T_NK	layer3	CD8_Tem_GZMK	Lyme	6	6	6	0.012451123254401942	0.011500188893086512	0.014016928533675792	304
T_NK	layer3	CD8_Tem_GZMK	PN	13	13	7	0.0015372790161414297	0.0	0.0030097817908201654	23
T_NK	layer3	CD8_Tem_GZMK	PSO	37	37	25	0.0043859649122807015	0.0	0.014084507042253521	220
T_NK	layer3	CD8_Tem_GZMK	PsA	4	4	4	0.0074849753447153835	0.006193780382342536	0.00815326055989179	145
T_NK	layer3	CD8_Tem_GZMK	RA	85	85	76	0.014638226683396068	0.005917159763313609	0.021068169618894256	3280
T_NK	layer3	CD8_Tem_GZMK	SLE	214	214	211	0.01078464636010059	0.006745114330287116	0.015299863718241118	10956
T_NK	layer3	CD8_Tem_GZMK	SSc	25	25	16	0.0032076984763432237	0.0	0.0085995085995086	147
T_NK	layer3	CD8_Tem_GZMK	T1D	55	55	53	0.007333682556312206	0.004264206023323586	0.010775884314069548	1317
T_NK	layer3	CD8_Tem_GZMK	UC	38	37	20	0.0017123287671232876	0.0	0.013854527461652647	1549
T_NK	layer3	CD8_Tem_GZMK	VKHD(Uveitis)	3	3	3	0.017371601208459216	0.012476670924874056	0.01915390252008977	490
T_NK	layer3	CD8_Tem_GZMK	pSS	5	5	5	0.013795006207752793	0.012037037037037037	0.01945261253110156	439
T_NK	layer3	CD8_Tem_NR4A2	AD	5	5	3	0.002059025394646534	0.0	0.003215434083601286	19
T_NK	layer3	CD8_Tem_NR4A2	AIH	1	1	0	0.0	0.0	0.0	0
T_NK	layer3	CD8_Tem_NR4A2	AP	1	1	1	0.0024088093599449415	0.0024088093599449415	0.0024088093599449415	7
T_NK	layer3	CD8_Tem_NR4A2	AS	7	7	7	0.006569260391890362	0.005202440144431934	0.014271356727692275	653
T_NK	layer3	CD8_Tem_NR4A2	BD	4	4	4	0.008003779822220438	0.006172685973097252	0.016464572283421734	227
T_NK	layer3	CD8_Tem_NR4A2	BD(Uveitis)	3	3	3	0.008262186725419994	0.007085303111602169	0.00896276418565264	134
T_NK	layer3	CD8_Tem_NR4A2	BP	17	17	14	0.009355787222667736	0.004491438195938991	0.01652892561983471	776
T_NK	layer3	CD8_Tem_NR4A2	CD	33	33	18	0.00039824771007566706	0.0	0.012890094979647219	603
T_NK	layer3	CD8_Tem_NR4A2	CI	19	19	13	0.00683311432325887	0.0	0.013179167270733249	482
T_NK	layer3	CD8_Tem_NR4A2	DLE	10	10	10	0.022232009490717495	0.01521285039237439	0.029327642543844748	1078
T_NK	layer3	CD8_Tem_NR4A2	Gout	22	22	21	0.009122469393699664	0.0037453860844413383	0.024483107097177388	2114
T_NK	layer3	CD8_Tem_NR4A2	JIA	12	12	12	0.004745032468922398	0.0035300841070433253	0.00743007948897788	236
T_NK	layer3	CD8_Tem_NR4A2	LS	6	6	5	0.021406016287186306	0.010819392470503796	0.029374572795625425	63
T_NK	layer3	CD8_Tem_NR4A2	Lyme	6	6	6	0.019753596030279603	0.012363531917193861	0.029515743623005176	412
T_NK	layer3	CD8_Tem_NR4A2	PN	13	13	8	0.0015372790161414297	0.0	0.0061823802163833074	72
T_NK	layer3	CD8_Tem_NR4A2	PSO	37	37	21	0.0019157088122605363	0.0	0.008181818181818182	146
T_NK	layer3	CD8_Tem_NR4A2	PsA	4	4	4	0.00419803342308097	0.0020015494175762262	0.007775343547795108	100
T_NK	layer3	CD8_Tem_NR4A2	RA	85	85	74	0.01675977653631285	0.005361930294906166	0.031055900621118012	4205
T_NK	layer3	CD8_Tem_NR4A2	SLE	214	214	208	0.008301178107676012	0.004163018166865869	0.015313977319966357	10111
T_NK	layer3	CD8_Tem_NR4A2	SSc	25	25	16	0.002257336343115124	0.0	0.007434944237918215	113
T_NK	layer3	CD8_Tem_NR4A2	T1D	55	55	52	0.008684034736138945	0.0035464111008296677	0.01821114852408498	1538
T_NK	layer3	CD8_Tem_NR4A2	UC	38	37	23	0.002081165452653486	0.0	0.017325392528424473	1719
T_NK	layer3	CD8_Tem_NR4A2	VKHD(Uveitis)	3	3	3	0.012541971163341893	0.010614691157409376	0.013295154765960977	368
T_NK	layer3	CD8_Tem_NR4A2	pSS	5	5	5	0.011762044786247455	0.011717403790924756	0.014351851851851852	376
T_NK	layer3	CD8_Temra_CD52	AD	5	5	5	0.007641921397379912	0.007407407407407408	0.007770632368703108	74
T_NK	layer3	CD8_Temra_CD52	AIH	1	1	0	0.0	0.0	0.0	0
T_NK	layer3	CD8_Temra_CD52	AP	1	1	1	0.004817618719889883	0.004817618719889883	0.004817618719889883	14
T_NK	layer3	CD8_Temra_CD52	AS	7	7	7	0.025002841231958176	0.010110177136583284	0.02746606120807909	1208
T_NK	layer3	CD8_Temra_CD52	BD	4	4	4	0.05595666168003989	0.025630461554668218	0.08828128013390826	1124
T_NK	layer3	CD8_Temra_CD52	BD(Uveitis)	3	3	3	0.020261845386533667	0.020224472668648418	0.03285193618817182	501
T_NK	layer3	CD8_Temra_CD52	BP	17	17	13	0.0056134723336006415	0.002339290727051558	0.04567044208987943	2383
T_NK	layer3	CD8_Temra_CD52	CD	33	33	22	0.00333889816360601	0.0	0.009213051823416507	875
T_NK	layer3	CD8_Temra_CD52	CI	19	19	14	0.00847457627118644	0.0014681592952835382	0.010657551319475793	652
T_NK	layer3	CD8_Temra_CD52	DLE	10	10	10	0.02829386501168167	0.019986597011868622	0.04917715968652737	1429
T_NK	layer3	CD8_Temra_CD52	Gout	22	22	20	0.05389750296352461	0.02286743385965176	0.06374664077888474	9472
T_NK	layer3	CD8_Temra_CD52	JIA	12	12	12	0.014386694747507587	0.008311181995392521	0.01981468595076017	639
T_NK	layer3	CD8_Temra_CD52	LS	6	6	5	0.008304853041695147	0.005030959752321981	0.018726109356822337	106
T_NK	layer3	CD8_Temra_CD52	Lyme	6	6	6	0.020386351262292463	0.017432818592721482	0.026540298159795014	638
T_NK	layer3	CD8_Temra_CD52	PN	13	13	9	0.004878048780487805	0.0	0.011420413990007138	101
T_NK	layer3	CD8_Temra_CD52	PSO	37	37	27	0.011627906976744186	0.0	0.02122641509433962	484
T_NK	layer3	CD8_Temra_CD52	PsA	4	4	4	0.0024802146254536877	0.0012128369082404118	0.007355990975614139	190
T_NK	layer3	CD8_Temra_CD52	RA	85	85	77	0.029945904173106646	0.01537551744529864	0.04854368932038835	7502
T_NK	layer3	CD8_Temra_CD52	SLE	214	214	213	0.03485335154386879	0.015450867270076862	0.06943683065652063	43448
T_NK	layer3	CD8_Temra_CD52	SSc	25	25	17	0.008081896551724138	0.0	0.0171990171990172	261
T_NK	layer3	CD8_Temra_CD52	T1D	55	55	54	0.019525065963060684	0.009929078014184398	0.037707082375940996	4426
T_NK	layer3	CD8_Temra_CD52	UC	38	37	20	0.0029806259314456036	0.0	0.017893377605607823	3237
T_NK	layer3	CD8_Temra_CD52	VKHD(Uveitis)	3	3	3	0.03940351570215287	0.0362868155038959	0.06626520195983776	1842
T_NK	layer3	CD8_Temra_CD52	pSS	5	5	5	0.05614567526555387	0.036403995560488345	0.06697300402067777	1638
T_NK	layer3	CD8_Temra_TYROBP	AD	5	5	5	0.0013726835964310226	0.0003589375448671931	0.002183406113537118	9
T_NK	layer3	CD8_Temra_TYROBP	AIH	1	1	0	0.0	0.0	0.0	0
T_NK	layer3	CD8_Temra_TYROBP	AP	1	1	1	0.0017205781142463868	0.0017205781142463868	0.0017205781142463868	5
T_NK	layer3	CD8_Temra_TYROBP	AS	7	7	7	0.0076863286985059155	0.003462513285912844	0.0105894233453495	478
T_NK	layer3	CD8_Temra_TYROBP	BD	4	4	4	0.01620275454307115	0.013490698426871601	0.018279048329482257	300
T_NK	layer3	CD8_Temra_TYROBP	BD(Uveitis)	3	3	3	0.006334343156155329	0.003659539869559693	0.0064402389097484875	90
T_NK	layer3	CD8_Temra_TYROBP	BP	17	17	11	0.0008019246190858059	0.0	0.02583902583902584	1041
T_NK	layer3	CD8_Temra_TYROBP	CD	33	33	21	0.0007347538574577516	0.0	0.0028960324355632784	203
T_NK	layer3	CD8_Temra_TYROBP	CI	19	19	14	0.0063753984624039	0.00046253469010175765	0.011329271261804994	370
T_NK	layer3	CD8_Temra_TYROBP	DLE	10	10	10	0.00876038325154742	0.005826920932307349	0.01009103560031542	417
T_NK	layer3	CD8_Temra_TYROBP	Gout	22	22	20	0.01602730416757435	0.008469822967796364	0.02221493236843516	3520
T_NK	layer3	CD8_Temra_TYROBP	JIA	12	12	11	0.002712448245435417	0.0013173334085856867	0.003763688414646353	120
T_NK	layer3	CD8_Temra_TYROBP	LS	6	6	4	0.004216065387045855	0.0006855575868372943	0.006877020561231088	19
T_NK	layer3	CD8_Temra_TYROBP	Lyme	6	6	6	0.00781372942593336	0.00737134558728362	0.008744604316546762	197
T_NK	layer3	CD8_Temra_TYROBP	PN	13	13	7	0.0007137758743754461	0.0	0.0018157058556513845	15
T_NK	layer3	CD8_Temra_TYROBP	PSO	37	37	22	0.001937984496124031	0.0	0.0066181336863004635	97
T_NK	layer3	CD8_Temra_TYROBP	PsA	4	4	4	0.0011601796407185627	0.0009104466122459676	0.0022376806609669645	57
T_NK	layer3	CD8_Temra_TYROBP	RA	85	85	74	0.007782101167315175	0.0038880248833592537	0.013265950726468731	2108
T_NK	layer3	CD8_Temra_TYROBP	SLE	214	214	209	0.007292722449541399	0.00392908256794549	0.012156394428362659	8088
T_NK	layer3	CD8_Temra_TYROBP	SSc	25	25	14	0.0008019246190858059	0.0	0.0050062578222778474	104
T_NK	layer3	CD8_Temra_TYROBP	T1D	55	55	54	0.006825938566552901	0.002353351656958943	0.012016849594959272	1616
T_NK	layer3	CD8_Temra_TYROBP	UC	38	37	19	0.0005136986301369863	0.0	0.007105396717983421	886
T_NK	layer3	CD8_Temra_TYROBP	VKHD(Uveitis)	3	3	3	0.006715386134702746	0.0058059634827675784	0.009060109985780376	250
T_NK	layer3	CD8_Temra_TYROBP	pSS	5	5	5	0.025617461229178632	0.009988901220865706	0.02850033928975345	685
T_NK	layer3	CD8_TerTex	AD	5	5	5	0.0034833869239013935	0.0008230452674897119	0.004366812227074236	40
T_NK	layer3	CD8_TerTex	AIH	1	1	0	0.0	0.0	0.0	0
T_NK	layer3	CD8_TerTex	AP	1	1	1	0.00034411562284927734	0.00034411562284927734	0.00034411562284927734	1
T_NK	layer3	CD8_TerTex	AS	7	7	7	0.005909762473008296	0.003520138706055226	0.009628683600586538	447
T_NK	layer3	CD8_TerTex	BD	4	4	4	0.0044705562355501155	0.0030081967213114753	0.005594759630329704	80
T_NK	layer3	CD8_TerTex	BD(Uveitis)	3	3	3	0.008728179551122194	0.00682593123297124	0.012350870276800426	182
T_NK	layer3	CD8_TerTex	BP	17	17	13	0.001682085786375105	0.0007485730326564986	0.0054785691266516275	403
T_NK	layer3	CD8_TerTex	CD	33	33	22	0.0031655587211142765	0.0	0.005143277002204262	283
T_NK	layer3	CD8_TerTex	CI	19	19	13	0.0027752081406105457	0.0	0.004395516845813437	182
T_NK	layer3	CD8_TerTex	DLE	10	10	10	0.0074977830983417575	0.0063959707552183505	0.019253388297618378	451
T_NK	layer3	CD8_TerTex	Gout	22	22	21	0.0029568752491032284	0.0019175572269447259	0.005224376848349745	726
T_NK	layer3	CD8_TerTex	JIA	12	12	12	0.003048309924371045	0.002585232065396224	0.004347083168990874	143
T_NK	layer3	CD8_TerTex	LS	6	6	4	0.003919022154316272	0.0009090909090909091	0.005849323275928287	28
T_NK	layer3	CD8_TerTex	Lyme	6	6	6	0.01210233998593475	0.007839011809420388	0.016700940020381812	254
T_NK	layer3	CD8_TerTex	PN	13	13	8	0.0014275517487508922	0.0	0.0032520325203252032	28
T_NK	layer3	CD8_TerTex	PSO	37	37	21	0.007751937984496124	0.0	0.014274385408406027	222
T_NK	layer3	CD8_TerTex	PsA	4	4	4	0.0036569595485411513	0.003175234786588769	0.005239520958083832	75
T_NK	layer3	CD8_TerTex	RA	85	85	66	0.005747126436781609	0.0017458100558659217	0.01606323304436512	1927
T_NK	layer3	CD8_TerTex	SLE	214	214	212	0.003411296227668301	0.001723442402510085	0.006528175011808881	4419
T_NK	layer3	CD8_TerTex	SSc	25	25	14	0.002506265664160401	0.0	0.0045377197958026095	92
T_NK	layer3	CD8_TerTex	T1D	55	55	47	0.001571503404924044	0.0009188712773212695	0.0028224199127357737	434
T_NK	layer3	CD8_TerTex	UC	38	37	21	0.001594896331738437	0.0	0.006622516556291391	782
T_NK	layer3	CD8_TerTex	VKHD(Uveitis)	3	3	3	0.027325856894645395	0.01845257885222098	0.029561719988108196	691
T_NK	layer3	CD8_TerTex	pSS	5	5	5	0.005655952545178645	0.005092592592592593	0.006203331418724871	198
T_NK	layer3	CD8_Tex	AD	5	5	5	0.0032921810699588477	0.003215434083601286	0.007641921397379912	40
T_NK	layer3	CD8_Tex	AIH	1	1	0	0.0	0.0	0.0	0
T_NK	layer3	CD8_Tex	AP	1	1	1	0.003785271851342051	0.003785271851342051	0.003785271851342051	11
T_NK	layer3	CD8_Tex	AS	7	7	7	0.008750994431185362	0.007497661604330701	0.01431379783359349	730
T_NK	layer3	CD8_Tex	BD	4	4	4	0.013769759565191858	0.009728300733906535	0.01727041117004397	229
T_NK	layer3	CD8_Tex	BD(Uveitis)	3	3	3	0.017456359102244388	0.011190021008532336	0.020157537854619854	288
T_NK	layer3	CD8_Tex	BP	17	17	13	0.009182736455463728	0.0006550014035744362	0.010933557611438183	722
T_NK	layer3	CD8_Tex	CD	33	33	21	0.002027222704894295	0.0	0.008856372737774355	398
T_NK	layer3	CD8_Tex	CI	19	19	14	0.006058237248387727	0.00046253469010175765	0.008259011519881086	421
T_NK	layer3	CD8_Tex	DLE	10	10	10	0.020671891626428324	0.013389905830999143	0.03188385396527245	987
T_NK	layer3	CD8_Tex	Gout	22	22	21	0.012669749213834524	0.008025069722630698	0.015803039974607778	2099
T_NK	layer3	CD8_Tex	JIA	12	12	12	0.004663916222003109	0.0035160575858250278	0.008223811843968292	221
T_NK	layer3	CD8_Tex	LS	6	6	4	0.015499418314774804	0.0036363636363636364	0.023850187626286923	71
T_NK	layer3	CD8_Tex	Lyme	6	6	6	0.02259176265544941	0.014085787767352878	0.024010277927798265	434
T_NK	layer3	CD8_Tex	PN	13	13	8	0.0015372790161414297	0.0	0.003762227238525207	38
T_NK	layer3	CD8_Tex	PSO	37	37	25	0.01257445400397088	0.0	0.023386342376052385	315
T_NK	layer3	CD8_Tex	PsA	4	4	4	0.004378742514970059	0.002138310905541215	0.00739708164040543	126
T_NK	layer3	CD8_Tex	RA	85	85	72	0.01313755795981453	0.004142502071251036	0.025806451612903226	4192
T_NK	layer3	CD8_Tex	SLE	214	214	212	0.009081817624972784	0.004221324752343264	0.0171094578835001	10964
T_NK	layer3	CD8_Tex	SSc	25	25	17	0.0016806722689075631	0.0	0.006772009029345372	117
T_NK	layer3	CD8_Tex	T1D	55	55	52	0.005554912625853489	0.0025657894736842105	0.009644151306016912	1243
T_NK	layer3	CD8_Tex	UC	38	37	18	0.0	0.0	0.01530136219443926	1684
T_NK	layer3	CD8_Tex	VKHD(Uveitis)	3	3	3	0.016900963512873162	0.01383266623204393	0.024235980245862564	634
T_NK	layer3	CD8_Tex	pSS	5	5	5	0.014351851851851852	0.014014933946008041	0.019000226193168965	527
T_NK	layer3	CD8_Tm_CCL5	AD	5	5	5	0.00482315112540193	0.004366812227074236	0.0049382716049382715	41
T_NK	layer3	CD8_Tm_CCL5	AIH	1	1	0	0.0	0.0	0.0	0
T_NK	layer3	CD8_Tm_CCL5	AP	1	1	1	0.0024088093599449415	0.0024088093599449415	0.0024088093599449415	7
T_NK	layer3	CD8_Tm_CCL5	AS	7	7	7	0.00928735632183908	0.0015567174293507895	0.010450261603801778	462
T_NK	layer3	CD8_Tm_CCL5	BD	4	4	4	0.00760188711350961	0.006404472329795133	0.009524504363541533	148
T_NK	layer3	CD8_Tm_CCL5	BD(Uveitis)	3	3	3	0.007325436408977556	0.006124559661898921	0.010410170696915107	155
T_NK	layer3	CD8_Tm_CCL5	BP	17	17	14	0.00336417157275021	0.001782001782001782	0.004617968094038623	448
T_NK	layer3	CD8_Tm_CCL5	CD	33	33	22	0.00396600566572238	0.0	0.00787095520357594	544
T_NK	layer3	CD8_Tm_CCL5	CI	19	19	14	0.005667383232362712	0.00046253469010175765	0.012455214241996223	387
T_NK	layer3	CD8_Tm_CCL5	DLE	10	10	10	0.013375447027568963	0.009983872040436286	0.015838628319865936	694
T_NK	layer3	CD8_Tm_CCL5	Gout	22	22	21	0.006577360957316154	0.0038136087887265823	0.009048181817903934	1254
T_NK	layer3	CD8_Tm_CCL5	JIA	12	12	12	0.00666335643661327	0.004682543963750135	0.008788605881629137	277
T_NK	layer3	CD8_Tm_CCL5	LS	6	6	5	0.006378593983712814	0.00403825599871015	0.013096377306903622	22
T_NK	layer3	CD8_Tm_CCL5	Lyme	6	6	6	0.008542892461986695	0.005467344858003689	0.026685957536660355	227
T_NK	layer3	CD8_Tm_CCL5	PN	13	13	6	0.0	0.0	0.0015372790161414297	31
T_NK	layer3	CD8_Tm_CCL5	PSO	37	37	20	0.0007911392405063291	0.0	0.008982035928143712	137
T_NK	layer3	CD8_Tm_CCL5	PsA	4	4	4	0.01653267618214065	0.010502115728942834	0.021768962075848303	248
T_NK	layer3	CD8_Tm_CCL5	RA	85	85	74	0.0078125	0.004044861187718331	0.01704800358905339	1978
T_NK	layer3	CD8_Tm_CCL5	SLE	214	214	208	0.005028203843387282	0.003650736131010565	0.007499752566849982	5654
T_NK	layer3	CD8_Tm_CCL5	SSc	25	25	18	0.003676470588235294	0.0	0.0067226890756302525	118
T_NK	layer3	CD8_Tm_CCL5	T1D	55	55	54	0.006430868167202572	0.00391343913803145	0.009141887206368726	1075
T_NK	layer3	CD8_Tm_CCL5	UC	38	37	20	0.0017133066818960593	0.0	0.009204114780725501	1208
T_NK	layer3	CD8_Tm_CCL5	VKHD(Uveitis)	3	3	3	0.009214501510574019	0.008082215215877753	0.009347523320959537	262
T_NK	layer3	CD8_Tm_CCL5	pSS	5	5	5	0.006712962962962963	0.0052421023589460615	0.012176909821941412	251
T_NK	layer3	CD8_Tm_CCR7	AD	5	5	4	0.002059025394646534	0.0016460905349794238	0.002183406113537118	16
T_NK	layer3	CD8_Tm_CCR7	AIH	1	1	0	0.0	0.0	0.0	0
T_NK	layer3	CD8_Tm_CCR7	AP	1	1	1	0.0010323468685478321	0.0010323468685478321	0.0010323468685478321	3
T_NK	layer3	CD8_Tm_CCR7	AS	7	7	7	0.0022454443388893685	0.001291345306552567	0.0056163749015366166	204
T_NK	layer3	CD8_Tm_CCR7	BD	4	4	4	0.005674989412594934	0.002274324802855453	0.009385738247427354	99
T_NK	layer3	CD8_Tm_CCR7	BD(Uveitis)	3	3	3	0.0018703241895261845	0.0011813462405041064	0.002243341659621258	32
T_NK	layer3	CD8_Tm_CCR7	BP	17	17	12	0.0009182736455463728	0.0	0.004767580452920143	458
T_NK	layer3	CD8_Tm_CCR7	CD	33	33	19	0.0008688097306689834	0.0	0.003105590062111801	276
T_NK	layer3	CD8_Tm_CCR7	CI	19	19	14	0.004069866033576394	0.00046253469010175765	0.007794796998158576	328
T_NK	layer3	CD8_Tm_CCR7	DLE	10	10	10	0.009559442098918153	0.006278870105685749	0.01171258182063567	477
T_NK	layer3	CD8_Tm_CCR7	Gout	22	22	18	0.003641110336336317	0.0013627802189398886	0.011844591313827797	1171
T_NK	layer3	CD8_Tm_CCR7	JIA	12	12	12	0.009374600966417334	0.0070814414737738664	0.0136740309993058	411
T_NK	layer3	CD8_Tm_CCR7	LS	6	6	4	0.009244787941987982	0.0015996343692870202	0.018022759601706972	41
T_NK	layer3	CD8_Tm_CCR7	Lyme	6	6	6	0.005659832720825436	0.004681230926440289	0.011339289224358218	228
T_NK	layer3	CD8_Tm_CCR7	PN	13	13	6	0.0	0.0	0.0016260162601626016	19
T_NK	layer3	CD8_Tm_CCR7	PSO	37	37	21	0.002599090318388564	0.0	0.008723235527359239	116
T_NK	layer3	CD8_Tm_CCR7	PsA	4	4	4	0.007500837099892044	0.0039548528318416746	0.012473548526579226	136
T_NK	layer3	CD8_Tm_CCR7	RA	85	85	63	0.007514761137949544	0.0	0.012170385395537525	1892
T_NK	layer3	CD8_Tm_CCR7	SLE	214	214	207	0.010183617978989479	0.004581192778913558	0.02033493437720598	14429
T_NK	layer3	CD8_Tm_CCR7	SSc	25	25	14	0.0018773466833541927	0.0	0.002779708130646282	62
T_NK	layer3	CD8_Tm_CCR7	T1D	55	55	52	0.017641325536062378	0.01074183223533197	0.03605750547891972	3037
T_NK	layer3	CD8_Tm_CCR7	UC	38	37	23	0.0036420395421436005	0.0	0.00918580375782881	1136
T_NK	layer3	CD8_Tm_CCR7	VKHD(Uveitis)	3	3	3	0.004607250755287009	0.004278037002979155	0.008623988798540207	214
T_NK	layer3	CD8_Tm_CCR7	pSS	5	5	5	0.003790924755887421	0.002207200993240447	0.005787037037037037	121
T_NK	layer3	CD8_Tm_LEF1	AD	5	5	2	0.0	0.0	0.002059025394646534	5
T_NK	layer3	CD8_Tm_LEF1	AIH	1	1	0	0.0	0.0	0.0	0
T_NK	layer3	CD8_Tm_LEF1	AP	1	1	1	0.0006882312456985547	0.0006882312456985547	0.0006882312456985547	2
T_NK	layer3	CD8_Tm_LEF1	AS	7	7	7	0.001103448275862069	0.0008786862853310505	0.00130484277609003	68
T_NK	layer3	CD8_Tm_LEF1	BD	4	4	4	0.0005153452105716487	0.0002649134790528233	0.0009601618946013554	15
T_NK	layer3	CD8_Tm_LEF1	BD(Uveitis)	3	3	3	0.0014771048744460858	0.001128203310040998	0.002184435114171542	29
T_NK	layer3	CD8_Tm_LEF1	BP	17	17	6	0.0	0.0	0.000297000297000297	61
T_NK	layer3	CD8_Tm_LEF1	CD	33	33	21	0.0005665722379603399	0.0	0.0030821917808219177	138
T_NK	layer3	CD8_Tm_LEF1	CI	19	19	14	0.00423728813559322	0.00046253469010175765	0.01045400745191425	361
T_NK	layer3	CD8_Tm_LEF1	DLE	10	10	10	0.0028073603297977413	0.0016707739361654483	0.008796838407494144	400
T_NK	layer3	CD8_Tm_LEF1	Gout	22	22	15	0.0004427571786907679	0.0	0.0014928689912111664	202
T_NK	layer3	CD8_Tm_LEF1	JIA	12	12	12	0.005877503918577722	0.004105817249291402	0.010102301588429076	291
T_NK	layer3	CD8_Tm_LEF1	LS	6	6	2	0.0	0.0	0.0006855575868372943	3
T_NK	layer3	CD8_Tm_LEF1	Lyme	6	6	5	0.0017379538991757414	0.0008238692065215751	0.003685952685206403	70
T_NK	layer3	CD8_Tm_LEF1	PN	13	13	4	0.0	0.0	0.0006459948320413437	5
T_NK	layer3	CD8_Tm_LEF1	PSO	37	37	11	0.0	0.0	0.0008496176720475786	18
T_NK	layer3	CD8_Tm_LEF1	PsA	4	4	3	0.0011243586551714403	0.0005613772455089821	0.0020824911530031016	30
T_NK	layer3	CD8_Tm_LEF1	RA	85	85	48	0.0005878894767783657	0.0	0.0018951358180669614	290
T_NK	layer3	CD8_Tm_LEF1	SLE	214	214	195	0.0015514653742367509	0.0005910265049415993	0.0028638754066520216	2146
T_NK	layer3	CD8_Tm_LEF1	SSc	25	25	5	0.0	0.0	0.0	6
T_NK	layer3	CD8_Tm_LEF1	T1D	55	55	47	0.002201430930104568	0.0005756196980870542	0.004159704194541582	841
T_NK	layer3	CD8_Tm_LEF1	UC	38	37	21	0.0003732039559619332	0.0	0.001584786053882726	227
T_NK	layer3	CD8_Tm_LEF1	VKHD(Uveitis)	3	3	3	0.002962670353545329	0.0015603116417860904	0.005975292880700157	150
T_NK	layer3	CD8_Tm_LEF1	pSS	5	5	5	0.0009190120620333142	0.0002314814814814815	0.0011036004966202234	31
T_NK	layer3	CD8_Tn_BCL2	AD	5	5	3	0.0003589375448671931	0.0	0.0006863417982155113	12
T_NK	layer3	CD8_Tn_BCL2	AIH	1	1	0	0.0	0.0	0.0	0
T_NK	layer3	CD8_Tn_BCL2	AP	1	1	1	0.0006882312456985547	0.0006882312456985547	0.0006882312456985547	2
T_NK	layer3	CD8_Tn_BCL2	AS	7	7	7	0.006045427066240608	0.0029466962305319164	0.01676931081784211	514
T_NK	layer3	CD8_Tn_BCL2	BD	4	4	4	0.025896570919691726	0.018900918336369157	0.03433869755175903	545
T_NK	layer3	CD8_Tn_BCL2	BD(Uveitis)	3	3	3	0.0024937655860349127	0.0014930669387584706	0.005377976155727453	77
T_NK	layer3	CD8_Tn_BCL2	BP	17	17	10	0.000891000891000891	0.0	0.0047497259773474606	544
T_NK	layer3	CD8_Tn_BCL2	CD	33	33	15	0.0	0.0	0.01036468330134357	716
T_NK	layer3	CD8_Tn_BCL2	CI	19	19	12	0.0014681592952835382	0.0	0.008218884987836354	417
T_NK	layer3	CD8_Tn_BCL2	DLE	10	10	10	0.005774515989442773	0.003552596868232025	0.008104997512644058	313
T_NK	layer3	CD8_Tn_BCL2	Gout	22	22	19	0.006755413070492291	0.0020432012775678473	0.029864724319299915	4213
T_NK	layer3	CD8_Tn_BCL2	JIA	12	12	12	0.05284405001621455	0.031733243166348256	0.07037694527465732	1973
T_NK	layer3	CD8_Tn_BCL2	LS	6	6	4	0.0036062474482564926	0.0008890469416785206	0.004065337286651406	13
T_NK	layer3	CD8_Tn_BCL2	Lyme	6	6	6	0.006224999036410285	0.004249000799360511	0.009946376678771771	196
T_NK	layer3	CD8_Tn_BCL2	PN	13	13	3	0.0	0.0	0.0	4
T_NK	layer3	CD8_Tn_BCL2	PSO	37	37	19	0.0007911392405063291	0.0	0.00649772579597141	145
T_NK	layer3	CD8_Tn_BCL2	PsA	4	4	4	0.018842854368417046	0.006979790419161676	0.039635712651041426	557
T_NK	layer3	CD8_Tn_BCL2	RA	85	85	59	0.002325581395348837	0.0	0.00663839203392956	1060
T_NK	layer3	CD8_Tn_BCL2	SLE	214	214	209	0.01690930489351595	0.009425527907088975	0.026186131386861315	18495
T_NK	layer3	CD8_Tn_BCL2	SSc	25	25	11	0.0	0.0	0.003006012024048096	55
T_NK	layer3	CD8_Tn_BCL2	T1D	55	55	53	0.02112676056338028	0.011740798901102564	0.03816399517915258	5483
T_NK	layer3	CD8_Tn_BCL2	UC	38	37	19	0.0005202913631633715	0.0	0.006927263730826323	1456
T_NK	layer3	CD8_Tn_BCL2	VKHD(Uveitis)	3	3	3	0.009214501510574019	0.006107803590542103	0.017099844079403147	394
T_NK	layer3	CD8_Tn_BCL2	pSS	5	5	5	0.012037037037037037	0.01076010484204718	0.017920735209649628	515
T_NK	layer3	CD8_Tn_C1orf56	AD	5	5	0	0.0	0.0	0.0	0
T_NK	layer3	CD8_Tn_C1orf56	AIH	1	1	0	0.0	0.0	0.0	0
T_NK	layer3	CD8_Tn_C1orf56	AP	1	1	0	0.0	0.0	0.0	0
T_NK	layer3	CD8_Tn_C1orf56	AS	7	7	5	0.00011326311020500623	5.518763796909492e-05	0.0003210822572252968	10
T_NK	layer3	CD8_Tn_C1orf56	BD	4	4	4	0.0024129263337512	0.00148288554948391	0.0034957677436992162	51
T_NK	layer3	CD8_Tn_C1orf56	BD(Uveitis)	3	3	1	0.0	0.0	6.885155604516663e-05	1
T_NK	layer3	CD8_Tn_C1orf56	BP	17	17	5	0.0	0.0	0.0002497710432103905	25
T_NK	layer3	CD8_Tn_C1orf56	CD	33	33	12	0.0	0.0	0.0027877339705296694	147
T_NK	layer3	CD8_Tn_C1orf56	CI	19	19	5	0.0	0.0	8.478887569950823e-05	14
T_NK	layer3	CD8_Tn_C1orf56	DLE	10	10	10	0.001229187850355283	0.0009368710107626364	0.0015566371824791432	60
T_NK	layer3	CD8_Tn_C1orf56	Gout	22	22	18	0.0005779441208343683	0.0001610272383742542	0.001140246235779259	215
T_NK	layer3	CD8_Tn_C1orf56	JIA	12	12	12	0.005574900105415763	0.004592350579946896	0.008640390617134803	227
T_NK	layer3	CD8_Tn_C1orf56	LS	6	6	1	0.0	0.0	0.0	1
T_NK	layer3	CD8_Tn_C1orf56	Lyme	6	6	5	0.0008736779190124115	0.00037542560625659785	0.000985516837757599	21
T_NK	layer3	CD8_Tn_C1orf56	PN	13	13	1	0.0	0.0	0.0	1
T_NK	layer3	CD8_Tn_C1orf56	PSO	37	37	12	0.0	0.0	0.001985440105890139	36
T_NK	layer3	CD8_Tn_C1orf56	PsA	4	4	4	0.005138308894427177	0.0013847305389221556	0.010749464678136264	149
T_NK	layer3	CD8_Tn_C1orf56	RA	85	85	40	0.0	0.0	0.0008285004142502071	139
T_NK	layer3	CD8_Tn_C1orf56	SLE	214	214	205	0.004360465692031811	0.0019698484818563237	0.007445689807299562	5357
T_NK	layer3	CD8_Tn_C1orf56	SSc	25	25	3	0.0	0.0	0.0	3
T_NK	layer3	CD8_Tn_C1orf56	T1D	55	55	50	0.004156836310526907	0.0013320132961806748	0.008297135510789588	662
T_NK	layer3	CD8_Tn_C1orf56	UC	38	37	15	0.0	0.0	0.0005682463916354131	129
T_NK	layer3	CD8_Tn_C1orf56	VKHD(Uveitis)	3	3	3	0.00037764350453172205	0.000346774682292713	0.0007319779837491713	18
T_NK	layer3	CD8_Tn_C1orf56	pSS	5	5	4	0.00041385018623258383	0.0002314814814814815	0.0013571590137977834	23
T_NK	layer3	CD8_Tn_GZMH	AD	5	5	5	0.0024691358024691358	0.0007178750897343862	0.0040192926045016075	25
T_NK	layer3	CD8_Tn_GZMH	AIH	1	1	0	0.0	0.0	0.0	0
T_NK	layer3	CD8_Tn_GZMH	AP	1	1	1	0.0030970406056434964	0.0030970406056434964	0.0030970406056434964	9
T_NK	layer3	CD8_Tn_GZMH	AS	7	7	7	0.007340875723292167	0.002751667295124597	0.011645617520457879	504
T_NK	layer3	CD8_Tn_GZMH	BD	4	4	4	0.030466276046210522	0.021482468123861568	0.038453856050173374	597
T_NK	layer3	CD8_Tn_GZMH	BD(Uveitis)	3	3	3	0.0029542097488921715	0.0024901971437727693	0.003267245331620418	45
T_NK	layer3	CD8_Tn_GZMH	BP	17	17	11	0.0014898688915375446	0.0	0.006457399103139014	678
T_NK	layer3	CD8_Tn_GZMH	CD	33	33	20	0.0006784260515603799	0.0	0.012452939472922097	812
T_NK	layer3	CD8_Tn_GZMH	CI	19	19	12	0.002102496714848883	0.0	0.011038316929662628	538
T_NK	layer3	CD8_Tn_GZMH	DLE	10	10	10	0.008953798172537818	0.0072818320352689755	0.011345437616387337	467
T_NK	layer3	CD8_Tn_GZMH	Gout	22	22	19	0.003011003144765203	0.0010336442239762033	0.02743097276695862	4314
T_NK	layer3	CD8_Tn_GZMH	JIA	12	12	12	0.04413753259586718	0.03742958986093998	0.057796500509578935	1959
T_NK	layer3	CD8_Tn_GZMH	LS	6	6	5	0.007585301030832808	0.003777692895339954	0.011810509152470087	36
T_NK	layer3	CD8_Tn_GZMH	Lyme	6	6	5	0.011119196885678041	0.01015638188353737	0.012245317711663222	286
T_NK	layer3	CD8_Tn_GZMH	PN	13	13	5	0.0	0.0	0.003631411711302769	35
T_NK	layer3	CD8_Tn_GZMH	PSO	37	37	25	0.007120253164556962	0.0	0.013175230566534914	244
T_NK	layer3	CD8_Tn_GZMH	PsA	4	4	3	0.023241622199236332	0.005688622754491018	0.04681604249184707	640
T_NK	layer3	CD8_Tn_GZMH	RA	85	85	67	0.004905968928863451	0.0015267175572519084	0.009900990099009901	1664
T_NK	layer3	CD8_Tn_GZMH	SLE	214	214	212	0.020071219829668602	0.011476951970027143	0.03173509676145404	22514
T_NK	layer3	CD8_Tn_GZMH	SSc	25	25	18	0.0032076984763432237	0.0	0.007008086253369272	110
T_NK	layer3	CD8_Tn_GZMH	T1D	55	55	54	0.03308063404548587	0.01359189462045094	0.05086727842268603	6225
T_NK	layer3	CD8_Tn_GZMH	UC	38	37	22	0.0024067388688327317	0.0	0.011549925484351714	1647
T_NK	layer3	CD8_Tn_GZMH	VKHD(Uveitis)	3	3	3	0.015332326283987915	0.009561598302316182	0.024602761996428087	570
T_NK	layer3	CD8_Tn_GZMH	pSS	5	5	5	0.010898054904124706	0.005092592592592593	0.02067777139574957	482
T_NK	layer3	CD8_Tn_SOX4	AD	5	5	1	0.0	0.0	0.0	2
T_NK	layer3	CD8_Tn_SOX4	AIH	1	1	0	0.0	0.0	0.0	0
T_NK	layer3	CD8_Tn_SOX4	AP	1	1	0	0.0	0.0	0.0	0
T_NK	layer3	CD8_Tn_SOX4	AS	7	7	5	0.00025908973141031176	0.00011364927832708262	0.0003670592687195497	24
T_NK	layer3	CD8_Tn_SOX4	BD	4	4	3	0.0004947488146273066	0.00012807377049180329	0.0012260445554883243	16
T_NK	layer3	CD8_Tn_SOX4	BD(Uveitis)	3	3	1	0.0	0.0	0.00013770311209033325	2
T_NK	layer3	CD8_Tn_SOX4	BP	17	17	5	0.0	0.0	0.0003222687721559781	37
T_NK	layer3	CD8_Tn_SOX4	CD	33	33	8	0.0	0.0	0.0	35
T_NK	layer3	CD8_Tn_SOX4	CI	19	19	13	0.0005894488653109342	0.0	0.001060543126574893	49
T_NK	layer3	CD8_Tn_SOX4	DLE	10	10	9	0.0007114136757681393	0.0004748440034221801	0.0008908928698155864	48
T_NK	layer3	CD8_Tn_SOX4	Gout	22	22	15	0.0005468001988777612	0.0	0.002021265564886578	337
T_NK	layer3	CD8_Tn_SOX4	JIA	12	12	12	0.005789100123586306	0.004750498576676492	0.007722013884688536	244
T_NK	layer3	CD8_Tn_SOX4	LS	6	6	0	0.0	0.0	0.0	0
T_NK	layer3	CD8_Tn_SOX4	Lyme	6	6	5	0.0005162769696251293	0.00041755257197515996	0.0005913101026545594	16
T_NK	layer3	CD8_Tn_SOX4	PN	13	13	0	0.0	0.0	0.0	0
T_NK	layer3	CD8_Tn_SOX4	PSO	37	37	4	0.0	0.0	0.0	5
T_NK	layer3	CD8_Tn_SOX4	PsA	4	4	3	0.0011640242874730608	0.0002994011976047904	0.002814250113254691	39
T_NK	layer3	CD8_Tn_SOX4	RA	85	85	24	0.0	0.0	0.00018463810930576072	50
T_NK	layer3	CD8_Tn_SOX4	SLE	214	214	193	0.001328049032237811	0.0005640517448018691	0.0023717097762810733	1837
T_NK	layer3	CD8_Tn_SOX4	SSc	25	25	0	0.0	0.0	0.0	0
T_NK	layer3	CD8_Tn_SOX4	T1D	55	55	45	0.001607717041800643	0.0005319487574893717	0.0040704500277734135	709
T_NK	layer3	CD8_Tn_SOX4	UC	38	37	19	0.0001584786053882726	0.0	0.0008121277747698972	102
T_NK	layer3	CD8_Tn_SOX4	VKHD(Uveitis)	3	3	2	0.0009875567845151097	0.0004937783922575548	0.0012113010508678268	29
T_NK	layer3	CD8_Tn_SOX4	pSS	5	5	4	0.0006897503103876397	0.0002314814814814815	0.0008041355542791499	23
T_NK	layer3	CD8_Trm	AD	5	5	5	0.0049382716049382715	0.0010718113612004287	0.008236101578586136	33
T_NK	layer3	CD8_Trm	AIH	1	1	0	0.0	0.0	0.0	0
T_NK	layer3	CD8_Trm	AP	1	1	1	0.0006882312456985547	0.0006882312456985547	0.0006882312456985547	2
T_NK	layer3	CD8_Trm	AS	7	7	7	0.0017660044150110375	0.0016204279783315952	0.0024043603907477327	116
T_NK	layer3	CD8_Trm	BD	4	4	4	0.0015266331202683711	0.0008624678953388045	0.002210541637101323	30
T_NK	layer3	CD8_Trm	BD(Uveitis)	3	3	3	0.0019694731659281144	0.0019198986777271493	0.0036699472687255555	55
T_NK	layer3	CD8_Trm	BP	17	17	11	0.0002979737783075089	0.0	0.0009182736455463728	56
T_NK	layer3	CD8_Trm	CD	33	33	21	0.0017241379310344827	0.0	0.004431782209559987	222
T_NK	layer3	CD8_Trm	CI	19	19	12	0.006973756652596807	0.0	0.014271277362056254	503
T_NK	layer3	CD8_Trm	DLE	10	10	10	0.005608632252385988	0.0018048350625166267	0.01687621522512551	689
T_NK	layer3	CD8_Trm	Gout	22	22	19	0.0009773246491564145	0.0005883117938497648	0.0018387198376700992	254
T_NK	layer3	CD8_Trm	JIA	12	12	12	0.004592927874782479	0.0031897070291746136	0.012412671186754053	288
T_NK	layer3	CD8_Trm	LS	6	6	5	0.00767363618207795	0.0022858420818586316	0.012696715049656226	18
T_NK	layer3	CD8_Trm	Lyme	6	6	6	0.007194559879108425	0.003795248078266946	0.010391044927563806	181
T_NK	layer3	CD8_Trm	PN	13	13	4	0.0	0.0	0.0006459948320413437	7
T_NK	layer3	CD8_Trm	PSO	37	37	19	0.001937984496124031	0.0	0.0039164490861618795	99
T_NK	layer3	CD8_Trm	PsA	4	4	4	0.0015469061876247506	0.0011911352350004586	0.00189413286585851	35
T_NK	layer3	CD8_Trm	RA	85	85	62	0.0013031013812874641	0.0	0.004580152671755725	466
T_NK	layer3	CD8_Trm	SLE	214	214	187	0.001045349567190038	0.0004013688834405966	0.0019091659359732943	1831
T_NK	layer3	CD8_Trm	SSc	25	25	11	0.0	0.0	0.0016038492381716118	28
T_NK	layer3	CD8_Trm	T1D	55	55	47	0.0013324450366422385	0.000616451367781155	0.0037657444125377944	962
T_NK	layer3	CD8_Trm	UC	38	37	17	0.0	0.0	0.002474022761009401	355
T_NK	layer3	CD8_Trm	VKHD(Uveitis)	3	3	3	0.0044440055303179935	0.002853814485266405	0.008566413641291928	221
T_NK	layer3	CD8_Trm	pSS	5	5	5	0.0013318534961154272	0.0006944444444444445	0.0016082711085582998	48
T_NK	layer3	Cycling_CD4	AD	5	5	5	0.010182207931404072	0.005761316872427984	0.010917030567685589	87
T_NK	layer3	Cycling_CD4	AIH	1	1	0	0.0	0.0	0.0	0
T_NK	layer3	Cycling_CD4	AP	1	1	1	0.0010323468685478321	0.0010323468685478321	0.0010323468685478321	3
T_NK	layer3	Cycling_CD4	AS	7	7	7	0.0008275862068965517	0.00027882602411229097	0.0011964211735189206	49
T_NK	layer3	Cycling_CD4	BD	4	4	3	0.00047564118892103177	0.00022222222222222223	0.0007360376027749925	9
T_NK	layer3	Cycling_CD4	BD(Uveitis)	3	3	3	0.0017144638403990024	0.0011034160659405155	0.0025785208213286665	37
T_NK	layer3	Cycling_CD4	BP	17	17	12	0.0008968609865470852	0.0	0.0029972525185246856	118
T_NK	layer3	Cycling_CD4	CD	33	33	15	0.0	0.0	0.0011331444759206798	78
T_NK	layer3	Cycling_CD4	CI	19	19	9	0.0	0.0	0.000608200373392422	33
T_NK	layer3	Cycling_CD4	DLE	10	10	10	0.0034241563717768014	0.0015541934330284913	0.00745812619472035	198
T_NK	layer3	Cycling_CD4	Gout	22	22	12	9.177421975156153e-05	0.0	0.00020683148235654515	38
T_NK	layer3	Cycling_CD4	JIA	12	12	0	0.0	0.0	0.0	0
T_NK	layer3	Cycling_CD4	LS	6	6	4	0.003009931245225363	0.00045454545454545455	0.004478208102253699	18
T_NK	layer3	Cycling_CD4	Lyme	6	6	6	0.0043053874844724786	0.0037988610850915147	0.007149080735411671	129
T_NK	layer3	Cycling_CD4	PN	13	13	5	0.0	0.0	0.0032520325203252032	58
T_NK	layer3	Cycling_CD4	PSO	37	37	10	0.0	0.0	0.000649772579597141	25
T_NK	layer3	Cycling_CD4	PsA	4	4	0	0.0	0.0	0.0	0
T_NK	layer3	Cycling_CD4	RA	85	85	54	0.0007776049766718507	0.0	0.002150537634408602	292
T_NK	layer3	Cycling_CD4	SLE	214	214	156	0.0003340743567938683	0.0	0.0008409058025752405	593
T_NK	layer3	Cycling_CD4	SSc	25	25	6	0.0	0.0	0.0	16
T_NK	layer3	Cycling_CD4	T1D	55	55	19	0.0	0.0	0.0005278982608407704	34
T_NK	layer3	Cycling_CD4	UC	38	37	18	0.0	0.0	0.0008121277747698972	79
T_NK	layer3	Cycling_CD4	VKHD(Uveitis)	3	3	3	0.004740272565672526	0.004258353805494873	0.009793923994098307	192
T_NK	layer3	Cycling_CD4	pSS	5	5	4	0.0006785795068988917	0.00013795006207752792	0.0006944444444444445	11
T_NK	layer3	Cycling_CD4/CD8	AD	5	5	5	0.00482315112540193	0.0034317089910775567	0.0049382716049382715	64
T_NK	layer3	Cycling_CD4/CD8	AIH	1	1	0	0.0	0.0	0.0	0
T_NK	layer3	Cycling_CD4/CD8	AP	1	1	1	0.0030970406056434964	0.0030970406056434964	0.0030970406056434964	9
T_NK	layer3	Cycling_CD4/CD8	AS	7	7	5	0.0005518763796909492	0.00017047391749062393	0.0009297020965654795	35
T_NK	layer3	Cycling_CD4/CD8	BD	4	4	4	0.00046004281668273806	0.00028831103741026377	0.0006892424860601115	9
T_NK	layer3	Cycling_CD4/CD8	BD(Uveitis)	3	3	3	0.0029542097488921715	0.002178476445518405	0.0031295422195300846	39
T_NK	layer3	Cycling_CD4/CD8	BP	17	17	9	0.0002673082063619353	0.0	0.0008410428931875525	51
T_NK	layer3	Cycling_CD4/CD8	CD	33	33	12	0.0	0.0	0.001477832512315271	131
T_NK	layer3	Cycling_CD4/CD8	CI	19	19	12	0.00039085401602501464	0.0	0.001665649930292468	58
T_NK	layer3	Cycling_CD4/CD8	DLE	10	10	10	0.003563057607545006	0.0024902659367954964	0.004757629308706723	182
T_NK	layer3	Cycling_CD4/CD8	Gout	22	22	17	0.00036559603797801953	0.00011791335857277348	0.0006673889551088862	110
T_NK	layer3	Cycling_CD4/CD8	JIA	12	12	0	0.0	0.0	0.0	0
T_NK	layer3	Cycling_CD4/CD8	LS	6	6	5	0.004386032292258768	0.0024140565317035904	0.0054100212981190565	16
T_NK	layer3	Cycling_CD4/CD8	Lyme	6	6	5	0.0019480784393897366	0.0013457477407410048	0.0031202035890224846	77
T_NK	layer3	Cycling_CD4/CD8	PN	13	13	6	0.0	0.0	0.003229974160206718	34
T_NK	layer3	Cycling_CD4/CD8	PSO	37	37	14	0.0	0.0	0.0037418147801683817	58
T_NK	layer3	Cycling_CD4/CD8	PsA	4	4	0	0.0	0.0	0.0	0
T_NK	layer3	Cycling_CD4/CD8	RA	85	85	65	0.0008481764206955047	0.0002145002145002145	0.0025789813023855577	247
T_NK	layer3	Cycling_CD4/CD8	SLE	214	214	139	0.0002735791305508908	0.0	0.0005730089946367584	476
T_NK	layer3	Cycling_CD4/CD8	SSc	25	25	5	0.0	0.0	0.0	7
T_NK	layer3	Cycling_CD4/CD8	T1D	55	55	31	0.00034391837670526195	0.0	0.00073419639234938	86
T_NK	layer3	Cycling_CD4/CD8	UC	38	37	21	0.0007422068283028204	0.0	0.0016998918250656777	206
T_NK	layer3	Cycling_CD4/CD8	VKHD(Uveitis)	3	3	3	0.004078549848942598	0.003144945434659263	0.004261277689630296	113
T_NK	layer3	Cycling_CD4/CD8	pSS	5	5	3	0.00027590012415505585	0.0	0.0004595060310166571	9
T_NK	layer3	Cycling_CD8	AD	5	5	5	0.005025125628140704	0.004366812227074236	0.008236101578586136	81
T_NK	layer3	Cycling_CD8	AIH	1	1	0	0.0	0.0	0.0	0
T_NK	layer3	Cycling_CD8	AP	1	1	1	0.00034411562284927734	0.00034411562284927734	0.00034411562284927734	1
T_NK	layer3	Cycling_CD8	AS	7	7	6	0.0005682463916354131	0.000496612620841897	0.0012194661532072338	68
T_NK	layer3	Cycling_CD8	BD	4	4	4	0.0006603611105537385	0.00033802080117682743	0.0011047644952173717	13
T_NK	layer3	Cycling_CD8	BD(Uveitis)	3	3	3	0.004131093362709997	0.0024551975541729537	0.004773572284506156	46
T_NK	layer3	Cycling_CD8	BP	17	17	11	0.0003742865163282493	0.0	0.0012594458438287153	55
T_NK	layer3	Cycling_CD8	CD	33	33	10	0.0	0.0	0.0005792064871126556	40
T_NK	layer3	Cycling_CD8	CI	19	19	10	0.00018751171948246765	0.0	0.0004901514406679744	16
T_NK	layer3	Cycling_CD8	DLE	10	10	10	0.0017247031706351394	0.0009912716593751076	0.0053561990075817805	105
T_NK	layer3	Cycling_CD8	Gout	22	22	16	0.0003142115374859107	2.8130977832789467e-05	0.00048041607736703064	73
T_NK	layer3	Cycling_CD8	JIA	12	12	0	0.0	0.0	0.0	0
T_NK	layer3	Cycling_CD8	LS	6	6	4	0.0018231676915406348	0.00045454545454545455	0.006759559399628224	17
T_NK	layer3	Cycling_CD8	Lyme	6	6	6	0.0042079486150140505	0.002222921034241789	0.005771551720986078	106
T_NK	layer3	Cycling_CD8	PN	13	13	6	0.0	0.0	0.004539264639128461	38
T_NK	layer3	Cycling_CD8	PSO	37	37	9	0.0	0.0	0.0	15
T_NK	layer3	Cycling_CD8	PsA	4	4	0	0.0	0.0	0.0	0
T_NK	layer3	Cycling_CD8	RA	85	85	57	0.0013018714401952806	0.0	0.0037293553542887587	655
T_NK	layer3	Cycling_CD8	SLE	214	214	166	0.0005249956893440759	0.0001686224798744136	0.001533760643004246	1035
T_NK	layer3	Cycling_CD8	SSc	25	25	5	0.0	0.0	0.0	14
T_NK	layer3	Cycling_CD8	T1D	55	55	11	0.0	0.0	0.0	18
T_NK	layer3	Cycling_CD8	UC	38	37	19	0.0001691761123329386	0.0	0.0009896091044037606	132
T_NK	layer3	Cycling_CD8	VKHD(Uveitis)	3	3	3	0.004839028244124037	0.004534317747439662	0.008184796068042116	178
T_NK	layer3	Cycling_CD8	pSS	5	5	5	0.0008041355542791499	0.0006944444444444445	0.0011036004966202234	31
T_NK	layer3	Cycling_NK	AD	5	5	3	0.0013726835964310226	0.0	0.0021436227224008574	14
T_NK	layer3	Cycling_NK	AIH	1	1	0	0.0	0.0	0.0	0
T_NK	layer3	Cycling_NK	AP	1	1	0	0.0	0.0	0.0	0
T_NK	layer3	Cycling_NK	AS	7	7	4	0.0004597701149425287	0.0	0.0005584716183142772	22
T_NK	layer3	Cycling_NK	BD	4	4	3	0.000541916076875959	0.00036842967086949405	0.0007504419964640283	10
T_NK	layer3	Cycling_NK	BD(Uveitis)	3	3	3	0.0029542097488921715	0.00178882557270045	0.002991839107439751	32
T_NK	layer3	Cycling_NK	BP	17	17	6	0.0	0.0	0.0002979737783075089	51
T_NK	layer3	Cycling_NK	CD	33	33	13	0.0	0.0	0.0005665722379603399	47
T_NK	layer3	Cycling_NK	CI	19	19	10	0.0001228803145736053	0.0	0.0007309899803520329	24
T_NK	layer3	Cycling_NK	DLE	10	10	9	0.0008150847943717795	0.00046973109725951184	0.0014991218918438064	93
T_NK	layer3	Cycling_NK	Gout	22	22	18	0.00040434731166438483	7.437548145851884e-05	0.0006660326324851683	71
T_NK	layer3	Cycling_NK	JIA	12	12	0	0.0	0.0	0.0	0
T_NK	layer3	Cycling_NK	LS	6	6	3	0.0004570383912248629	0.0	0.001592155559248795	8
T_NK	layer3	Cycling_NK	Lyme	6	6	5	0.0013546539817326467	0.00036935651798131435	0.0020219673317949417	32
T_NK	layer3	Cycling_NK	PN	13	13	5	0.0	0.0	0.0015048908954100827	14
T_NK	layer3	Cycling_NK	PSO	37	37	13	0.0	0.0	0.0009354536950420954	20
T_NK	layer3	Cycling_NK	PsA	4	4	0	0.0	0.0	0.0	0
T_NK	layer3	Cycling_NK	RA	85	85	40	0.0	0.0	0.0007818608287724785	132
T_NK	layer3	Cycling_NK	SLE	214	214	99	0.0	0.0	0.00034091878352973274	238
T_NK	layer3	Cycling_NK	SSc	25	25	4	0.0	0.0	0.0	5
T_NK	layer3	Cycling_NK	T1D	55	55	17	0.0	0.0	0.00028424773733925476	34
T_NK	layer3	Cycling_NK	UC	38	37	12	0.0	0.0	0.00017123287671232877	37
T_NK	layer3	Cycling_NK	VKHD(Uveitis)	3	3	3	0.00037764350453172205	0.00026779821727928704	0.00043571094839463844	11
T_NK	layer3	Cycling_NK	pSS	5	5	5	0.0006659267480577136	0.0005743825387708214	0.0006785795068988917	27
T_NK	layer3	ILC	AD	5	5	5	0.0032921810699588477	0.001607717041800643	0.0034317089910775567	27
T_NK	layer3	ILC	AIH	1	1	0	0.0	0.0	0.0	0
T_NK	layer3	ILC	AP	1	1	1	0.0013764624913971094	0.0013764624913971094	0.0013764624913971094	4
T_NK	layer3	ILC	AS	7	7	7	0.0006045427066240608	0.0002358925533750912	0.0015950652828580875	55
T_NK	layer3	ILC	BD	4	4	2	0.0007407407407407407	0.0	0.001495332422586521	14
T_NK	layer3	ILC	BD(Uveitis)	3	3	3	0.0004923682914820286	0.00038388725783134755	0.002817879906339518	36
T_NK	layer3	ILC	BP	17	17	9	0.00041981528127623844	0.0	0.0010692328254477412	42
T_NK	layer3	ILC	CD	33	33	15	0.0	0.0	0.0010224948875255625	102
T_NK	layer3	ILC	CI	19	19	11	0.0002457606291472106	0.0	0.0019511567698999584	168
T_NK	layer3	ILC	DLE	10	10	10	0.005698575184528562	0.0035895403960324018	0.023184415362592314	580
T_NK	layer3	ILC	Gout	22	22	19	0.00047819473587551963	0.00020999386413228207	0.000752750753372935	98
T_NK	layer3	ILC	JIA	12	12	11	0.0010709843249185795	0.0008337978446674099	0.001285450227786606	43
T_NK	layer3	ILC	LS	6	6	3	0.0004570383912248629	0.0	0.001592155559248795	3
T_NK	layer3	ILC	Lyme	6	6	6	0.006504553734061931	0.004921039969756332	0.011032517061421115	186
T_NK	layer3	ILC	PN	13	13	2	0.0	0.0	0.0	13
T_NK	layer3	ILC	PSO	37	37	22	0.005747126436781609	0.0	0.016894087069525665	282
T_NK	layer3	ILC	PsA	4	4	3	0.0002974987361433003	0.00020514223194748358	0.0004407066706706604	6
T_NK	layer3	ILC	RA	85	85	60	0.000858000858000858	0.0	0.0027112516945323093	304
T_NK	layer3	ILC	SLE	214	214	167	0.00038987778471442723	0.00016473733889770876	0.0007577283048024462	730
T_NK	layer3	ILC	SSc	25	25	9	0.0	0.0	0.0010775862068965517	17
T_NK	layer3	ILC	T1D	55	55	44	0.0011185682326621924	0.0004473316674292031	0.0029647787101121275	204
T_NK	layer3	ILC	UC	38	37	17	0.0	0.0	0.0009272137227630969	86
T_NK	layer3	ILC	VKHD(Uveitis)	3	3	3	0.001283987915407855	0.0008789233527442056	0.0015307950637675261	38
T_NK	layer3	ILC	pSS	5	5	5	0.0006659267480577136	0.0004595060310166571	0.0006897503103876397	18
T_NK	layer3	MAIT	AD	5	5	4	0.0026795284030010718	0.0008230452674897119	0.002745367192862045	18
T_NK	layer3	MAIT	AIH	1	1	0	0.0	0.0	0.0	0
T_NK	layer3	MAIT	AP	1	1	1	0.00516173434273916	0.00516173434273916	0.00516173434273916	15
T_NK	layer3	MAIT	AS	7	7	7	0.013576158940397352	0.012650848370816549	0.01503985514799384	823
T_NK	layer3	MAIT	BD	4	4	4	0.01866597085580374	0.012645254780584706	0.02164365118352346	311
T_NK	layer3	MAIT	BD(Uveitis)	3	3	3	0.024924263288350318	0.016401077976031388	0.02555440097085845	365
T_NK	layer3	MAIT	BP	17	17	14	0.003653635367190354	0.0009357162908206232	0.005887300252312868	391
T_NK	layer3	MAIT	CD	33	33	23	0.008113590263691683	0.0	0.022333461686561418	1285
T_NK	layer3	MAIT	CI	19	19	14	0.008438027376711045	0.0011011194714626537	0.019170889258499982	632
T_NK	layer3	MAIT	DLE	10	10	10	0.008417151375515637	0.0066739824421388665	0.010983834225202216	532
T_NK	layer3	MAIT	Gout	22	22	21	0.010273366220137872	0.005106338160616889	0.024909335855910802	2830
T_NK	layer3	MAIT	JIA	12	12	12	0.024786290564753462	0.0124498796173988	0.03761706385209379	967
T_NK	layer3	MAIT	LS	6	6	5	0.005414457519720677	0.0022601621153531095	0.018735475051264525	22
T_NK	layer3	MAIT	Lyme	6	6	6	0.012147540983606557	0.006494060097833683	0.015663698549357237	297
T_NK	layer3	MAIT	PN	13	13	7	0.0007524454477050414	0.0	0.0023059185242121443	33
T_NK	layer3	MAIT	PSO	37	37	21	0.002806361085126286	0.0	0.015503875968992248	216
T_NK	layer3	MAIT	PsA	4	4	4	0.012685409292858774	0.01089669675965356	0.014337495176813111	228
T_NK	layer3	MAIT	RA	85	85	74	0.006211180124223602	0.002183406113537118	0.011194029850746268	1454
T_NK	layer3	MAIT	SLE	214	214	206	0.004036975660635005	0.0017642078526828235	0.008072755886859573	5912
T_NK	layer3	MAIT	SSc	25	25	15	0.002098635886673662	0.0	0.0046875	67
T_NK	layer3	MAIT	T1D	55	55	54	0.019986216402481046	0.010887309110057926	0.025779062892428067	3225
T_NK	layer3	MAIT	UC	38	37	22	0.0024067388688327317	0.0	0.014101929737753587	1536
T_NK	layer3	MAIT	VKHD(Uveitis)	3	3	3	0.01026694045174538	0.008984941685481617	0.025337397718319818	678
T_NK	layer3	MAIT	pSS	5	5	5	0.02847222222222222	0.022845510065596018	0.038488067319630295	859
T_NK	layer3	NKT_IL7R	AD	5	5	3	0.0003589375448671931	0.0	0.0005359056806002144	4
T_NK	layer3	NKT_IL7R	AIH	1	1	0	0.0	0.0	0.0	0
T_NK	layer3	NKT_IL7R	AP	1	1	1	0.0006882312456985547	0.0006882312456985547	0.0006882312456985547	2
T_NK	layer3	NKT_IL7R	AS	7	7	6	0.0008230452674897119	0.0003866209954404123	0.0022025565505527744	88
T_NK	layer3	NKT_IL7R	BD	4	4	4	0.002564443418878878	0.0015814860147785484	0.003707701052541158	59
T_NK	layer3	NKT_IL7R	BD(Uveitis)	3	3	2	0.0007793017456359103	0.00038965087281795513	0.0028683068904439535	41
T_NK	layer3	NKT_IL7R	BP	17	17	8	0.0	0.0	0.001485001485001485	102
T_NK	layer3	NKT_IL7R	CD	33	33	13	0.0	0.0	0.0013712718546451835	87
T_NK	layer3	NKT_IL7R	CI	19	19	12	0.001687605475342209	0.0	0.0032176219582516433	143
T_NK	layer3	NKT_IL7R	DLE	10	10	10	0.0037207259953161596	0.002357018984354758	0.0061140797016215175	205
T_NK	layer3	NKT_IL7R	Gout	22	22	19	0.0025689772323918667	0.0009048173311013248	0.0040439214150694925	657
T_NK	layer3	NKT_IL7R	JIA	12	12	12	0.0018652299431500693	0.0013851969992320868	0.0021134034707306574	70
T_NK	layer3	NKT_IL7R	LS	6	6	2	0.0	0.0	0.0005334281650071124	2
T_NK	layer3	NKT_IL7R	Lyme	6	6	5	0.0015023308531015413	0.0012232352482793641	0.005784898168351285	112
T_NK	layer3	NKT_IL7R	PN	13	13	3	0.0	0.0	0.0	7
T_NK	layer3	NKT_IL7R	PSO	37	37	18	0.0	0.0	0.002789400278940028	47
T_NK	layer3	NKT_IL7R	PsA	4	4	2	0.00018712574850299402	0.0	0.0003878467882066985	5
T_NK	layer3	NKT_IL7R	RA	85	85	50	0.0007818608287724785	0.0	0.0016728002676480427	272
T_NK	layer3	NKT_IL7R	SLE	214	214	135	0.0003555605112789483	0.0	0.0010707949439144211	847
T_NK	layer3	NKT_IL7R	SSc	25	25	5	0.0	0.0	0.0	12
T_NK	layer3	NKT_IL7R	T1D	55	55	49	0.001095290251916758	0.0006671125951659036	0.0018889463914880484	236
T_NK	layer3	NKT_IL7R	UC	38	37	15	0.0	0.0	0.002337709045135767	378
T_NK	layer3	NKT_IL7R	VKHD(Uveitis)	3	3	3	0.004607250755287009	0.003883154677912025	0.004723139499705523	130
T_NK	layer3	NKT_IL7R	pSS	5	5	5	0.0038452838724270526	0.0017758046614872365	0.0046903021106359495	107
T_NK	layer3	NKT_KLRC2	AD	5	5	4	0.0008038585209003215	0.0003589375448671931	0.0013726835964310226	8
T_NK	layer3	NKT_KLRC2	AIH	1	1	0	0.0	0.0	0.0	0
T_NK	layer3	NKT_KLRC2	AP	1	1	1	0.00034411562284927734	0.00034411562284927734	0.00034411562284927734	1
T_NK	layer3	NKT_KLRC2	AS	7	7	7	0.0054869684499314125	0.003865055429760088	0.018756150699729333	745
T_NK	layer3	NKT_KLRC2	BD	4	4	4	0.03177810527081855	0.02271407753087083	0.04062670765027322	646
T_NK	layer3	NKT_KLRC2	BD(Uveitis)	3	3	3	0.0014771048744460858	0.001361993833731771	0.008725332938462371	127
T_NK	layer3	NKT_KLRC2	BP	17	17	11	0.0005346164127238706	0.0	0.015345268542199489	1511
T_NK	layer3	NKT_KLRC2	CD	33	33	17	0.0005665722379603399	0.0	0.004	192
T_NK	layer3	NKT_KLRC2	CI	19	19	14	0.004993429697766097	0.0016188714153561516	0.01541935422828593	528
T_NK	layer3	NKT_KLRC2	DLE	10	10	10	0.006541752462574433	0.00458092363553739	0.019226918715113644	494
T_NK	layer3	NKT_KLRC2	Gout	22	22	20	0.027175722457177087	0.004536997323154988	0.05720071564687491	6099
T_NK	layer3	NKT_KLRC2	JIA	12	12	11	0.0020642054292145415	0.0013733135934274453	0.0030655227307946975	93
T_NK	layer3	NKT_KLRC2	LS	6	6	3	0.0021008403361344537	0.0	0.005141329258976318	13
T_NK	layer3	NKT_KLRC2	Lyme	6	6	5	0.006601784008361355	0.0025499204543764963	0.01057318104715321	232
T_NK	layer3	NKT_KLRC2	PN	13	13	4	0.0	0.0	0.0028551034975017845	32
T_NK	layer3	NKT_KLRC2	PSO	37	37	25	0.002789400278940028	0.0	0.005747126436781609	133
T_NK	layer3	NKT_KLRC2	PsA	4	4	2	0.00013676148796498905	0.0	0.0006069853523932615	16
T_NK	layer3	NKT_KLRC2	RA	85	85	62	0.0042941492216854536	0.0	0.013592233009708738	2298
T_NK	layer3	NKT_KLRC2	SLE	214	214	210	0.005739777316653698	0.003376079706908219	0.016390399353502085	11405
T_NK	layer3	NKT_KLRC2	SSc	25	25	11	0.0	0.0	0.0016806722689075631	123
T_NK	layer3	NKT_KLRC2	T1D	55	55	51	0.00520141655599823	0.0013559192355069969	0.012439331196010331	2176
T_NK	layer3	NKT_KLRC2	UC	38	37	16	0.0	0.0	0.005035065635677036	1114
T_NK	layer3	NKT_KLRC2	VKHD(Uveitis)	3	3	3	0.0078976465013426	0.005874558980475764	0.010821935033148641	271
T_NK	layer3	NKT_KLRC2	pSS	5	5	5	0.024639289678135404	0.0160597149966071	0.05945647675541454	1503
T_NK	layer3	NK_CD16+/CD69	AD	5	5	4	0.002183406113537118	0.0008230452674897119	0.002745367192862045	18
T_NK	layer3	NK_CD16+/CD69	AIH	1	1	0	0.0	0.0	0.0	0
T_NK	layer3	NK_CD16+/CD69	AP	1	1	1	0.0027529249827942187	0.0027529249827942187	0.0027529249827942187	8
T_NK	layer3	NK_CD16+/CD69	AS	7	7	7	0.0043895747599451305	0.002267135239692318	0.00881191057058588	454
T_NK	layer3	NK_CD16+/CD69	BD	4	4	4	0.010895435787333374	0.007346406465362	0.0235854584092289	317
T_NK	layer3	NK_CD16+/CD69	BD(Uveitis)	3	3	3	0.004208229426433915	0.00306803649784929	0.004812140316368115	52
T_NK	layer3	NK_CD16+/CD69	BP	17	17	12	0.0033685786469542433	0.0	0.02518891687657431	931
T_NK	layer3	NK_CD16+/CD69	CD	33	33	17	0.0019252984212552945	0.0	0.00440852314474651	572
T_NK	layer3	NK_CD16+/CD69	CI	19	19	14	0.0044090215363744275	0.00023126734505087883	0.01738116449021866	481
T_NK	layer3	NK_CD16+/CD69	DLE	10	10	10	0.016311298747775958	0.008126463700234192	0.02650043434261018	842
T_NK	layer3	NK_CD16+/CD69	Gout	22	22	21	0.014600798265734068	0.009204240803326241	0.025898912625309176	3150
T_NK	layer3	NK_CD16+/CD69	JIA	12	12	12	0.000962426014495788	0.0003656018218764337	0.0021928362122308085	64
T_NK	layer3	NK_CD16+/CD69	LS	6	6	3	0.0018181818181818182	0.0	0.0041096598991335834	17
T_NK	layer3	NK_CD16+/CD69	Lyme	6	6	6	0.01392007828105623	0.008584405377499731	0.022315535929345647	408
T_NK	layer3	NK_CD16+/CD69	PN	13	13	6	0.0	0.0	0.0032520325203252032	40
T_NK	layer3	NK_CD16+/CD69	PSO	37	37	30	0.00697350069735007	0.0013236267372600927	0.011016949152542373	154
T_NK	layer3	NK_CD16+/CD69	PsA	4	4	1	0.0	0.0	8.03686240891556e-05	3
T_NK	layer3	NK_CD16+/CD69	RA	85	85	76	0.010332796564680623	0.004673770798280052	0.017578125	2336
T_NK	layer3	NK_CD16+/CD69	SLE	214	214	208	0.008168287476280834	0.003946205702718457	0.016160554237020532	10151
T_NK	layer3	NK_CD16+/CD69	SSc	25	25	16	0.0021551724137931034	0.0	0.011286681715575621	154
T_NK	layer3	NK_CD16+/CD69	T1D	55	55	54	0.009419152276295133	0.004546420532035397	0.014724662215850637	1819
T_NK	layer3	NK_CD16+/CD69	UC	38	37	17	0.0	0.0	0.006087981146897094	664
T_NK	layer3	NK_CD16+/CD69	VKHD(Uveitis)	3	3	3	0.003555204424254395	0.0024094139322346055	0.005176393752912695	134
T_NK	layer3	NK_CD16+/CD69	pSS	5	5	5	0.024305555555555556	0.019904998869034154	0.03945371775417299	881
T_NK	layer3	NK_CD16+/FGFBP2	AD	5	5	4	0.0017946877243359654	0.0008230452674897119	0.002183406113537118	20
T_NK	layer3	NK_CD16+/FGFBP2	AIH	1	1	0	0.0	0.0	0.0	0
T_NK	layer3	NK_CD16+/FGFBP2	AP	1	1	1	0.0020646937370956643	0.0020646937370956643	0.0020646937370956643	6
T_NK	layer3	NK_CD16+/FGFBP2	AS	7	7	7	0.017159450897571277	0.004970992058997496	0.019878329079695403	853
T_NK	layer3	NK_CD16+/FGFBP2	BD	4	4	4	0.034771682656559125	0.02221174449369756	0.05244562082574378	731
T_NK	layer3	NK_CD16+/FGFBP2	BD(Uveitis)	3	3	3	0.004923682914820286	0.0047339428069006415	0.006124559661898921	90
T_NK	layer3	NK_CD16+/FGFBP2	BP	17	17	11	0.0018365472910927456	0.0	0.0698992443324937	2181
T_NK	layer3	NK_CD16+/FGFBP2	CD	33	33	14	0.0	0.0	0.002545608824777259	396
T_NK	layer3	NK_CD16+/FGFBP2	CI	19	19	14	0.004955037621581942	0.0016109886382906563	0.014630896315077663	526
T_NK	layer3	NK_CD16+/FGFBP2	DLE	10	10	10	0.01428334941905854	0.006040120593692022	0.021599270733594786	609
T_NK	layer3	NK_CD16+/FGFBP2	Gout	22	22	19	0.038254466203041834	0.02125717364656303	0.0574397953158827	8978
T_NK	layer3	NK_CD16+/FGFBP2	JIA	12	12	12	0.0029150250634696695	0.002417394627068451	0.004403258381974261	146
T_NK	layer3	NK_CD16+/FGFBP2	LS	6	6	4	0.0037540411224621754	0.00045454545454545455	0.006221378214546693	18
T_NK	layer3	NK_CD16+/FGFBP2	Lyme	6	6	6	0.014744438001496746	0.009412284223203532	0.019543614414870115	448
T_NK	layer3	NK_CD16+/FGFBP2	PN	13	13	6	0.0	0.0	0.004539264639128461	33
T_NK	layer3	NK_CD16+/FGFBP2	PSO	37	37	28	0.00870253164556962	0.0026109660574412533	0.01529051987767584	266
T_NK	layer3	NK_CD16+/FGFBP2	PsA	4	4	3	0.0004731237743331717	0.0002994011976047904	0.0007853380429776932	17
T_NK	layer3	NK_CD16+/FGFBP2	RA	85	85	73	0.010329985652797705	0.00363901018922853	0.01824300389656394	2590
T_NK	layer3	NK_CD16+/FGFBP2	SLE	214	214	210	0.027477240896358543	0.012995213349666322	0.04596106011726121	30159
T_NK	layer3	NK_CD16+/FGFBP2	SSc	25	25	18	0.0037174721189591076	0.0	0.007352941176470588	233
T_NK	layer3	NK_CD16+/FGFBP2	T1D	55	55	54	0.01891891891891892	0.009420862635168722	0.028613199665831243	3929
T_NK	layer3	NK_CD16+/FGFBP2	UC	38	37	17	0.0	0.0	0.0022119815668202765	1228
T_NK	layer3	NK_CD16+/FGFBP2	VKHD(Uveitis)	3	3	3	0.0070241691842900305	0.00422287277726585	0.00795609012246301	192
T_NK	layer3	NK_CD16+/FGFBP2	pSS	5	5	5	0.04836300976450316	0.03796296296296296	0.05225062203121466	2013
T_NK	layer3	NK_CD16+/ISGs	AD	5	5	0	0.0	0.0	0.0	0
T_NK	layer3	NK_CD16+/ISGs	AIH	1	1	0	0.0	0.0	0.0	0
T_NK	layer3	NK_CD16+/ISGs	AP	1	1	0	0.0	0.0	0.0	0
T_NK	layer3	NK_CD16+/ISGs	AS	7	7	6	0.0006045427066240608	0.00031917919023942225	0.002015420273402393	69
T_NK	layer3	NK_CD16+/ISGs	BD	4	4	4	0.0008179108629682134	0.00045257957608470283	0.0013041136764732639	17
T_NK	layer3	NK_CD16+/ISGs	BD(Uveitis)	3	3	3	0.002340952905535665	0.0013263368018950146	0.003139949618695947	27
T_NK	layer3	NK_CD16+/ISGs	BP	17	17	5	0.0	0.0	0.0010960906101571063	181
T_NK	layer3	NK_CD16+/ISGs	CD	33	33	9	0.0	0.0	0.00019193857965451057	137
T_NK	layer3	NK_CD16+/ISGs	CI	19	19	6	0.0	0.0	0.00018980882949072857	26
T_NK	layer3	NK_CD16+/ISGs	DLE	10	10	9	0.002057482841095107	0.0007021413366308433	0.005000939320758579	117
T_NK	layer3	NK_CD16+/ISGs	Gout	22	22	20	0.0015393257434686287	0.00023030044028911497	0.0022949130583200545	388
T_NK	layer3	NK_CD16+/ISGs	JIA	12	12	4	0.0	0.0	0.00022003125751461638	8
T_NK	layer3	NK_CD16+/ISGs	LS	6	6	2	0.0	0.0	0.0006855575868372943	3
T_NK	layer3	NK_CD16+/ISGs	Lyme	6	6	5	0.0004327774677532607	0.00024158987883361613	0.0007186364740225306	14
T_NK	layer3	NK_CD16+/ISGs	PN	13	13	2	0.0	0.0	0.0	2
T_NK	layer3	NK_CD16+/ISGs	PSO	37	37	8	0.0	0.0	0.0	18
T_NK	layer3	NK_CD16+/ISGs	PsA	4	4	1	0.0	0.0	2.6789541363051864e-05	1
T_NK	layer3	NK_CD16+/ISGs	RA	85	85	43	0.0001366120218579235	0.0	0.0005878894767783657	248
T_NK	layer3	NK_CD16+/ISGs	SLE	214	214	158	0.0011568597117064647	0.0	0.0031238034637304265	2407
T_NK	layer3	NK_CD16+/ISGs	SSc	25	25	5	0.0	0.0	0.0	7
T_NK	layer3	NK_CD16+/ISGs	T1D	55	55	38	0.0009389671361502347	0.0	0.0018653340987770297	221
T_NK	layer3	NK_CD16+/ISGs	UC	38	37	8	0.0	0.0	0.0	60
T_NK	layer3	NK_CD16+/ISGs	VKHD(Uveitis)	3	3	3	0.0006042296072507553	0.00046006773365222966	0.0008946488743344434	22
T_NK	layer3	NK_CD16+/ISGs	pSS	5	5	5	0.006318207926479035	0.004414401986480894	0.006333408731056322	162
T_NK	layer3	NK_CD16+/LGALS1	AD	5	5	2	0.0	0.0	0.0010718113612004287	6
T_NK	layer3	NK_CD16+/LGALS1	AIH	1	1	0	0.0	0.0	0.0	0
T_NK	layer3	NK_CD16+/LGALS1	AP	1	1	0	0.0	0.0	0.0	0
T_NK	layer3	NK_CD16+/LGALS1	AS	7	7	5	0.0010228435049437436	0.00026399155227032733	0.001510105988546447	53
T_NK	layer3	NK_CD16+/LGALS1	BD	4	4	4	0.0020840703095891524	0.0016017924539697794	0.002615349743868716	37
T_NK	layer3	NK_CD16+/LGALS1	BD(Uveitis)	3	3	3	0.0012393280088129992	0.0007755243535336816	0.0018505847331115712	16
T_NK	layer3	NK_CD16+/LGALS1	BP	17	17	7	0.0	0.0	0.0045117628101836935	117
T_NK	layer3	NK_CD16+/LGALS1	CD	33	33	11	0.0	0.0	0.00039824771007566706	58
T_NK	layer3	NK_CD16+/LGALS1	CI	19	19	13	0.00046253469010175765	0.0	0.0021503149225711067	74
T_NK	layer3	NK_CD16+/LGALS1	DLE	10	10	10	0.002895171485562483	0.0022137624149515516	0.003136193101732858	108
T_NK	layer3	NK_CD16+/LGALS1	Gout	22	22	18	0.0019074891241780112	0.0009607127767485242	0.0024162343874678687	334
T_NK	layer3	NK_CD16+/LGALS1	JIA	12	12	5	0.0	0.0	0.00034421691236524683	9
T_NK	layer3	NK_CD16+/LGALS1	LS	6	6	2	0.0	0.0	0.0006855575868372943	3
T_NK	layer3	NK_CD16+/LGALS1	Lyme	6	6	5	0.002329136626702074	0.0009690962756806266	0.0030537835418191586	65
T_NK	layer3	NK_CD16+/LGALS1	PN	13	13	2	0.0	0.0	0.0	4
T_NK	layer3	NK_CD16+/LGALS1	PSO	37	37	18	0.0	0.0	0.002403846153846154	40
T_NK	layer3	NK_CD16+/LGALS1	PsA	4	4	0	0.0	0.0	0.0	0
T_NK	layer3	NK_CD16+/LGALS1	RA	85	85	50	0.00041425020712510354	0.0	0.0016025641025641025	239
T_NK	layer3	NK_CD16+/LGALS1	SLE	214	214	200	0.0013914380193449961	0.0006789752191331431	0.0025331062013809313	1625
T_NK	layer3	NK_CD16+/LGALS1	SSc	25	25	7	0.0	0.0	0.0003787878787878788	12
T_NK	layer3	NK_CD16+/LGALS1	T1D	55	55	38	0.0007168458781362007	0.0	0.0014927361583303047	174
T_NK	layer3	NK_CD16+/LGALS1	UC	38	37	12	0.0	0.0	0.00018446781036709093	55
T_NK	layer3	NK_CD16+/LGALS1	VKHD(Uveitis)	3	3	3	0.00039502271380604387	0.00027648782191644794	0.0007639766137006051	20
T_NK	layer3	NK_CD16+/LGALS1	pSS	5	5	5	0.002261931689662972	0.001851851851851852	0.0031016657093624355	90
T_NK	layer3	NK_CD56+	AD	5	5	3	0.001091703056768559	0.0	0.0013397642015005359	10
T_NK	layer3	NK_CD56+	AIH	1	1	0	0.0	0.0	0.0	0
T_NK	layer3	NK_CD56+	AP	1	1	1	0.00034411562284927734	0.00034411562284927734	0.00034411562284927734	1
T_NK	layer3	NK_CD56+	AS	7	7	5	0.0031954400207271786	6.599788806758183e-05	0.00592168863184509	212
T_NK	layer3	NK_CD56+	BD	4	4	4	0.002894623974155748	0.002143626342065078	0.004096956587735276	61
T_NK	layer3	NK_CD56+	BD(Uveitis)	3	3	3	0.0033048746901679976	0.002431739090719909	0.006822304405645298	55
T_NK	layer3	NK_CD56+	BP	17	17	11	0.000594000594000594	0.0	0.0041255605381165916	175
T_NK	layer3	NK_CD56+	CD	33	33	14	0.0	0.0	0.001899335232668566	169
T_NK	layer3	NK_CD56+	CI	19	19	12	0.001314060446780552	0.0	0.0025980930824422255	193
T_NK	layer3	NK_CD56+	DLE	10	10	10	0.013026575934525726	0.007002602124310025	0.022090887069408968	682
T_NK	layer3	NK_CD56+	Gout	22	22	21	0.004603923865158278	0.0033145432121483554	0.0066696179165917965	900
T_NK	layer3	NK_CD56+	JIA	12	12	12	0.0014114085102551119	0.0010406575285994023	0.002071711875633444	77
T_NK	layer3	NK_CD56+	LS	6	6	2	0.0	0.0	0.0010668563300142249	7
T_NK	layer3	NK_CD56+	Lyme	6	6	6	0.010492410352344345	0.008271139063591894	0.017427093410854067	299
T_NK	layer3	NK_CD56+	PN	13	13	5	0.0	0.0	0.0007524454477050414	9
T_NK	layer3	NK_CD56+	PSO	37	37	18	0.0	0.0	0.01394700139470014	187
T_NK	layer3	NK_CD56+	PsA	4	4	2	0.00013676148796498905	0.0	0.0002987051061989806	2
T_NK	layer3	NK_CD56+	RA	85	85	67	0.003757380568974772	0.0008481764206955047	0.007991475759190196	1018
T_NK	layer3	NK_CD56+	SLE	214	214	204	0.003345754498733837	0.0017677973121153464	0.005792240515633342	4480
T_NK	layer3	NK_CD56+	SSc	25	25	12	0.0	0.0	0.00215633423180593	31
T_NK	layer3	NK_CD56+	T1D	55	55	51	0.004739336492890996	0.0028130799814504812	0.008114982168750246	829
T_NK	layer3	NK_CD56+	UC	38	37	15	0.0	0.0	0.0007855459544383347	195
T_NK	layer3	NK_CD56+	VKHD(Uveitis)	3	3	3	0.004003021148036254	0.0036600163393000727	0.0051123144452407225	137
T_NK	layer3	NK_CD56+	pSS	5	5	5	0.008271108558299827	0.00732519422863485	0.00972630626555078	256
